layerID,head,avg_dropped_token_score,avg_remaining_token_score
0,0,0.0008891318395021449,1.1474576631423112
0,1,0.0016150498559902953,1.0233057212431278
0,2,0.002188173944390599,0.9001504724805282
0,3,0.0007350194433243914,1.1981335968846067
0,4,0.0006583222843343192,0.9824443241292367
0,5,0.0019390078213706008,0.9272453518926671
0,6,0.001301704238497859,0.9627689018454358
0,7,0.0007060058179813235,0.8921719706143855
0,8,0.001148693451976297,1.1060992418439406
0,9,0.0008916944124361362,0.9226047035617874
0,10,0.0015999445925924598,0.9495826494722207
0,11,0.0006274458695939899,0.9307108136805259
0,12,0.0007141514633491031,1.2366693344207254
0,13,0.0009298736070336102,0.9083888561173669
0,14,0.0018282744738713423,0.9255690586026358
0,15,0.0004031802659997659,1.3196188828256648
0,16,0.0009039309279640875,0.9631934527281076
0,17,0.0013021978341834287,0.9138646924979362
0,18,0.0008306893964324742,1.2570275728344065
0,19,0.0004083537872267225,1.2516113110544573
0,20,0.0012295884800394708,0.9308470518321581
0,21,0.00011378955371242498,0.9024971313294476
0,22,0.000448215321995688,0.926494557561624
0,23,0.0014816668689493224,0.961080526708134
0,24,0.0005286821047289226,0.8939714228907747
0,25,0.00031855935063452055,1.8121274583948541
0,26,0.0009524053780346451,1.107009194830437
0,27,0.0012763687143566838,0.9130318352601409
0,28,0.0013567497791791322,0.9301986634304529
0,29,0.0004354906297660586,1.2873428305464314
0,30,0.000762793537132611,0.9105452983362293
0,31,0.0015063399482887407,0.9177399390068145
1,0,0.00016747994124675437,1.6435936346258924
1,1,0.00039574944644528475,1.2545668355604913
1,2,0.00014721433181140065,1.5528557610113467
1,3,0.00033185918357552235,1.1004617907266914
1,4,0.00057260906530782,1.1180583116262794
1,5,0.000718841860365336,1.0487043511611465
1,6,0.0002731475957209769,1.5785194465823844
1,7,0.00010518337814599944,1.2743367905832987
1,8,0.0003818562886258698,0.9250621801628987
1,9,0.00013731159801701326,0.9479654457517911
1,10,0.000363714508299698,1.2371928998564763
1,11,0.0009025354656559773,0.9321552043598421
1,12,0.00030341565118311304,1.225633418588479
1,13,0.00031466033236903797,1.153507136132097
1,14,0.0003373574605128263,1.364593000116098
1,15,9.827889196041511e-05,1.6435967037956585
1,16,0.00020077912480948796,1.534752018582565
1,17,0.00039100417597311035,0.9973848130651761
1,18,0.0005329103430725861,1.0235198757813484
1,19,7.47134775722256e-05,1.8831052441016587
1,20,0.0005887632369789515,1.018214985778053
1,21,0.0003195696944987117,1.1827335596084594
1,22,6.330354814240537e-05,2.552511092643465
1,23,0.00048406017133060327,1.056293596003676
1,24,0.00012884949608368363,1.6958000008701424
1,25,0.0002768240404599524,1.25222028707263
1,26,0.0004305881195324351,0.9723972841208192
1,27,0.00015513966189458997,1.692472433873179
1,28,0.00018868956392295303,1.3281440188321407
1,29,0.00031214364891708437,1.1969271564825053
1,30,0.00021794768799649806,1.1705722551641715
1,31,0.00013871949867885517,1.2293366404308055
2,0,1.2274144423642734e-05,1.1504681859209884
2,1,8.416077294561963e-05,1.085936899287604
2,2,7.976530654611706e-06,1.2293599173106555
2,3,9.635741983256681e-05,1.0211991033576837
2,4,2.8853949418227267e-05,1.1641635951108182
2,5,1.2387685072138046e-05,1.2344059140130272
2,6,0.00011924939522129898,0.9940008962638054
2,7,3.330752329747631e-05,1.215668039276378
2,8,2.271636706898264e-05,1.1421097704220502
2,9,2.981891678925437e-05,1.0931337824300251
2,10,3.342470371229396e-05,1.0853132549504392
2,11,1.4543889972146796e-05,1.1783555121865648
2,12,1.2569322014419012e-05,1.1325338870642578
2,13,1.5359875085556782e-05,1.1122250603036266
2,14,4.5019755902133886e-05,1.1057848518958808
2,15,2.6306609116526053e-05,1.121285876340115
2,16,1.335111995826764e-05,1.1401193313780718
2,17,4.692176576436331e-06,1.2126062498456822
2,18,1.5058154373701028e-05,1.190381235097644
2,19,1.5668695362979104e-05,1.1003686021791153
2,20,4.399144803721186e-05,1.087397649749082
2,21,3.961569737450911e-05,0.9912393387575992
2,22,2.2023918417092152e-05,1.0123819826610903
2,23,4.743405855158162e-05,1.0309896715216533
2,24,9.444032730460697e-06,1.2027171193557593
2,25,9.584913729314374e-05,1.0552865728842615
2,26,0.00010092042564072142,0.9878449469306873
2,27,2.287876484881926e-05,1.165232999967789
2,28,4.84145036945439e-05,1.1247845239457197
2,29,3.239422752127051e-05,1.2146296084638428
2,30,9.549769497219377e-06,1.277178347765119
2,31,2.903613239529666e-05,1.13799864079332
3,0,6.475531147799326e-05,1.064887362334495
3,1,3.298331686722888e-05,1.0664054190059835
3,2,1.2346647502742982e-05,1.124139500802343
3,3,3.0504886236270725e-05,1.1492487525598531
3,4,2.1322753834363818e-05,1.0360233203323475
3,5,1.8750171208763074e-05,1.1347677618905296
3,6,3.9789953659187726e-05,1.1267639920933434
3,7,9.087866144514585e-05,1.0044816722164291
3,8,7.263966071972877e-05,1.0129659917872391
3,9,3.6678823904922846e-05,1.0668593931311923
3,10,1.031202816838077e-05,1.1261463917525116
3,11,1.3285654787288013e-05,1.1264597094428852
3,12,2.2509488836239924e-05,1.0813587444209825
3,13,1.0988069791117569e-05,1.1076391916001895
3,14,1.0596851831617257e-05,1.1154689825235518
3,15,1.0970092226977173e-05,1.1380340965380247
3,16,1.4784425694721463e-05,1.1363504404099858
3,17,3.169708143191624e-05,1.0162805327367668
3,18,2.714740519417349e-05,1.0906275732705017
3,19,2.3810079897854474e-05,1.1200991939531022
3,20,1.4359686333580673e-05,1.0920560127226435
3,21,2.9763128639079785e-05,1.0401852686820565
3,22,1.8240857168637286e-05,1.1468481280638665
3,23,2.2543622602616673e-05,1.0580097199055347
3,24,1.243350295198046e-05,1.073352812582667
3,25,3.47709552417073e-05,1.0284844897527399
3,26,2.8428384535010323e-05,1.1592705397162062
3,27,2.2936228707166438e-05,1.0121643918510839
3,28,5.08126878610402e-05,1.0223141762977
3,29,3.205173171042278e-05,1.1009872009190853
3,30,2.4421968183931416e-05,1.1332227931671324
3,31,4.106094570976887e-05,1.0904800231815237
4,0,9.236053647718649e-06,1.231747922806296
4,1,5.338782477711449e-05,1.1002841827124001
4,2,7.815114765993135e-05,1.0605357778954336
4,3,9.456183233243557e-06,1.141637639100341
4,4,5.685576485155421e-05,1.2855056982336295
4,5,8.6151256818603e-05,1.0068838991242548
4,6,8.656080068175338e-06,1.0872189661198983
4,7,6.391186619335552e-05,1.2886265899230303
4,8,3.3856680925608625e-05,1.1327610049441208
4,9,1.6578850907943603e-05,1.1700323737606513
4,10,1.3847082983442293e-05,1.1343172448916197
4,11,1.480593526742709e-05,1.1691041397308677
4,12,0.00011183846318068511,1.1219100347851227
4,13,5.275004836555619e-05,1.1153253018144775
4,14,3.401916627263704e-05,1.1435951459948372
4,15,2.1656494286801594e-05,1.1742507874823414
4,16,4.8233627410001804e-05,1.1318007122076212
4,17,1.1299026611165978e-05,1.0467636282517974
4,18,2.004038984362877e-05,1.1769176630529983
4,19,1.4310821290069587e-05,1.1372305454672949
4,20,1.3802905159363098e-05,1.0405820427760304
4,21,2.018996667309667e-05,1.0531501756647605
4,22,1.5177917668817072e-05,1.1698287131962741
4,23,2.4985029300982365e-05,1.1222380432707029
4,24,9.717920102156616e-06,1.0625608437954668
4,25,1.556265804599048e-05,1.1351574445396733
4,26,1.6492426338007392e-05,1.2132238200285554
4,27,2.449048218584196e-05,1.1770241865394793
4,28,1.8059282081763883e-05,1.2082298194593917
4,29,2.5782601839587286e-05,1.1127338127190856
4,30,4.44633817365632e-05,1.1703960419839208
4,31,1.9714653103022714e-05,1.0799309715735315
5,0,1.769133568097832e-05,1.2486135066266846
5,1,0.00014773773867553567,1.037719829810832
5,2,2.28520668441365e-05,1.0415654414593463
5,3,3.409815993831898e-05,1.16543641403353
5,4,4.28810734012851e-05,1.163902385024296
5,5,8.031494860716002e-05,1.0355082091966505
5,6,1.9351873105558008e-05,1.0117673534482077
5,7,2.3237578295259337e-05,1.0787097551373137
5,8,1.997504312684537e-05,1.164814633344409
5,9,1.089967768654781e-05,1.20395873913048
5,10,1.6826393099859865e-05,1.2796636386247695
5,11,1.5151673001876942e-05,1.0803506611639673
5,12,1.950012995703848e-05,1.0184794947184925
5,13,4.876678933631623e-05,1.1199978170645266
5,14,2.2731622027522616e-05,1.1295509568831232
5,15,3.43542587367029e-05,2.494643693038558
5,16,1.203585528387054e-05,1.2202619037650935
5,17,3.758926729692912e-05,1.045320976377956
5,18,9.509000206403828e-06,1.164675864171868
5,19,1.1222304077046244e-05,1.0643084191479375
5,20,7.193724321557982e-05,1.0463148529888053
5,21,0.0001117846067230215,1.2603395285640526
5,22,1.8036057586252534e-05,1.1050848323007187
5,23,5.520108215954557e-05,1.0351745702486335
5,24,8.410332846102904e-06,1.1936815151451312
5,25,2.3038667789615247e-05,1.1919022450868155
5,26,1.6424218056988675e-05,1.0383312262327973
5,27,4.244094903471514e-05,1.0110497523036948
5,28,4.0873747392541444e-05,1.2568633509706484
5,29,3.0218914794844802e-05,1.1501076402413817
5,30,7.395704015619888e-05,1.1806088780446382
5,31,1.8734231022697145e-05,1.0239714980409935
6,0,3.455954937893702e-05,1.188980932053632
6,1,3.1195574000383224e-05,1.0292827460248033
6,2,0.00018161054923441393,1.0294935650643415
6,3,9.718862202677573e-06,1.161842332876383
6,4,3.6774219740148126e-05,1.171205231853203
6,5,4.58187421866532e-05,1.231640349595245
6,6,5.84075748808957e-05,1.0211839263080698
6,7,3.5140676504255385e-05,1.0338659649532564
6,8,3.9641573068782446e-05,1.0159657628553296
6,9,9.609136628321652e-06,1.0157845762578286
6,10,1.5651099934433473e-05,1.1305016634856886
6,11,8.716680097380077e-06,1.1329347572918438
6,12,5.682219867802921e-05,1.170137086517771
6,13,2.7404877587862264e-05,1.0803590969424828
6,14,2.1887679121649862e-05,1.1592382183507406
6,15,7.895228514470174e-05,1.036767776114844
6,16,4.280974836039174e-06,0.978796338181507
6,17,6.957939064546532e-05,1.0496473809130722
6,18,3.3113172579334984e-05,1.0403663547340611
6,19,1.915638491777447e-05,1.2084283805974627
6,20,2.5960413651843165e-05,1.046083210618513
6,21,0.00018238956493151604,1.0852674681133188
6,22,2.7009083561989344e-05,1.1613066980548576
6,23,1.6710078299120857e-05,1.2228313371503552
6,24,1.3434642575240693e-05,1.2131748353666794
6,25,2.5858494598929147e-05,1.095188077025311
6,26,1.3057876213703141e-05,1.052307480161116
6,27,9.30167408889273e-05,1.3497801765337196
6,28,3.176965664024118e-05,1.1430231570059473
6,29,4.528612812149675e-05,1.163084312384339
6,30,2.6556322567501363e-05,1.0118653748371151
6,31,3.835753257867954e-05,1.0682277583279303
7,0,0.00012552281843198558,1.0986791587103524
7,1,2.7683032147638026e-05,1.4373673617697558
7,2,0.00012281715448036944,1.119262256201241
7,3,2.9282494063958272e-05,1.0754728254384243
7,4,1.2264481346541905e-05,1.0364268655708695
7,5,6.30266989671342e-05,1.1120323378032602
7,6,1.901476975174541e-05,1.9950878549020443
7,7,2.3224996611240335e-05,1.460724062168513
7,8,1.711725256586055e-05,1.174716703476371
7,9,3.86652536968076e-05,1.4998705978325273
7,10,5.02052911642283e-06,0.983650600540325
7,11,2.0274173343175374e-05,1.156428132023049
7,12,1.7849925750652282e-05,0.9901713585796675
7,13,1.0694973881335303e-05,1.1338523518783097
7,14,4.586611379037357e-05,1.0472615893814614
7,15,3.445693668892701e-05,1.064057084768655
7,16,8.89267438323821e-06,1.1281581998155907
7,17,3.8503944403703075e-05,1.1193674781726481
7,18,8.560210341603951e-06,1.319730431253984
7,19,1.2403340491180118e-05,1.245569687413145
7,20,1.4877538668182044e-05,1.0474844686740339
7,21,5.4221561082518915e-05,1.0589465883864992
7,22,7.510459139219486e-05,1.1571767842854976
7,23,3.121038427082248e-05,0.9995911052517219
7,24,1.795135109782536e-05,1.1683423811609819
7,25,1.6307041678243696e-05,1.2529951142809557
7,26,1.8792800503177548e-05,1.0895856468091432
7,27,2.302223217215614e-05,1.0507016832333476
7,28,4.356838371178195e-05,1.0238955841144115
7,29,1.5195941231031872e-05,1.109011868076279
7,30,1.1989110167667774e-05,1.1007068398459714
7,31,5.323378892846671e-05,1.06414959066523
8,0,2.4329085504839825e-05,1.1167849325052595
8,1,2.352047544511221e-05,1.3456020568037375
8,2,1.265827022876445e-05,1.2356447417297909
8,3,1.9372670318817634e-05,1.2124106074858965
8,4,2.9592436511976132e-05,1.0546865322424859
8,5,2.282958120518994e-05,1.0447832759069657
8,6,4.217823968501067e-05,1.114894795645393
8,7,4.660001661970785e-05,1.115302474914132
8,8,4.16230442480163e-05,1.1771997938292693
8,9,1.4790489141566267e-05,1.14355742806182
8,10,1.8622212672216022e-05,1.5409224678053208
8,11,1.3291259589195565e-05,1.185866075540784
8,12,2.3343185011221685e-05,1.1307749042078532
8,13,3.223389298942311e-05,1.1831726758178494
8,14,3.397356339777625e-05,1.065407094978205
8,15,8.899847314638368e-06,1.2720254057631573
8,16,1.3502846494157852e-05,1.289961774992203
8,17,2.257568478056878e-05,1.1251564714959812
8,18,3.005147753916164e-05,1.0604235553513848
8,19,3.24947449803349e-05,1.107144361919321
8,20,1.4694362457236705e-05,1.102076994263187
8,21,4.864902564235946e-05,1.4739750486569643
8,22,0.00010308902384994605,1.0844817657174814
8,23,0.00011115253723833847,1.0469684163824187
8,24,8.649297305291969e-05,1.0318961810667362
8,25,1.401799177823149e-05,1.0787205700089084
8,26,1.6816676994334e-05,1.0190923335159594
8,27,1.2327532142931486e-05,1.2157714115406846
8,28,2.318444411715439e-05,1.0152549641513597
8,29,8.502683832746802e-06,1.412073155177806
8,30,8.53018453314227e-06,1.17390524430605
8,31,1.7752104285134566e-05,1.0035584686195083
9,0,3.559494560245391e-05,1.063937879348427
9,1,1.005851224334923e-05,1.082251062939446
9,2,1.4438979941715672e-05,1.3428520206619845
9,3,1.866114674142676e-05,1.1036194351806277
9,4,2.5209056299003642e-05,1.3533125572955693
9,5,9.184508633504715e-06,1.2615445581996072
9,6,1.452691083392495e-05,1.3501280887599207
9,7,1.5028126036453363e-05,1.204628030383217
9,8,1.853785019701238e-05,1.0896281188882906
9,9,3.058339839961194e-05,1.2093927607615977
9,10,1.934263773613987e-05,1.119958210048357
9,11,4.782186276309258e-05,1.5170059790759212
9,12,6.53406343710951e-05,1.1229693757036705
9,13,2.1470238813645037e-05,1.7583287782486983
9,14,2.285023825619937e-05,1.0882942508114835
9,15,1.1435514866348178e-05,1.2832413478227676
9,16,1.7111109144693804e-05,1.5463184654285913
9,17,2.9125457851113464e-05,1.0478931497560195
9,18,4.016483483595306e-05,1.1490644716704375
9,19,1.1428521065247581e-05,1.2950337207402705
9,20,1.6235333493171534e-05,1.2851498814926512
9,21,8.140049417057104e-06,1.2766280294887207
9,22,1.3042559688232563e-05,1.141457400401623
9,23,3.967621753857469e-05,1.0738138771569246
9,24,1.9855024683084182e-05,1.1940663505567857
9,25,1.7668823823187962e-05,1.0421470430130606
9,26,1.4509383296771112e-05,1.030651514854522
9,27,1.0864603373279774e-05,1.6017287084766105
9,28,1.4186139386611602e-05,1.1921576186979017
9,29,3.821541931344236e-05,1.0837677318327181
9,30,2.1812294442515024e-05,1.1168534152547613
9,31,1.17353760099252e-05,1.2365697238781002
10,0,2.2861687569607197e-05,1.0632572891604075
10,1,4.562756694733973e-05,2.80826275149507
10,2,2.8466336005898013e-05,1.3074214607548316
10,3,1.7704350784588922e-05,1.389022125947447
10,4,1.340399670585082e-05,1.083361285284766
10,5,7.916817299388935e-06,1.4429689892152044
10,6,1.4105283195816362e-05,1.1537210099736945
10,7,4.207686043955966e-05,1.0313689463178413
10,8,2.5116510946504485e-05,1.16697086286431
10,9,8.120819955274566e-06,1.1752931852044808
10,10,1.693746509017229e-05,1.0829534424802283
10,11,2.160823439393217e-05,1.1369162127624548
10,12,7.100211029967042e-05,1.1016305152442405
10,13,8.452470375755346e-06,1.2219583111901842
10,14,2.0691819450512585e-05,1.0478316110756631
10,15,1.0992637262982309e-05,1.0274013409751128
10,16,1.6293651077915527e-05,1.1039381601360931
10,17,8.367488940567934e-06,1.5811477895568264
10,18,4.843123450902094e-05,1.1105662493261916
10,19,1.0214597887061853e-05,1.168046310408872
10,20,1.0740358838443725e-05,1.2428259757936428
10,21,1.620934806087375e-05,1.104102281112944
10,22,1.2596039018641448e-05,1.3214642581621048
10,23,5.414565686679975e-06,1.3054840610818248
10,24,1.363277616663358e-05,1.209448375906751
10,25,1.5612446977228324e-05,1.5719253583284438
10,26,1.5021922254141949e-05,1.0597664231901238
10,27,1.821819441872988e-05,1.2619098069844212
10,28,1.5941649220630596e-05,1.36820113311804
10,29,1.8240873803490737e-05,1.1201158524697608
10,30,1.3506522855377864e-05,1.288416688937276
10,31,1.304602971093526e-05,1.207202904890147
11,0,9.985080129520227e-06,1.2647460739481706
11,1,1.836567561894123e-05,1.0470279238389044
11,2,6.216599365497585e-06,1.0275031563774784
11,3,2.1009958994766277e-05,1.0963313689948835
11,4,2.3935167819934202e-05,1.5093886843729134
11,5,1.6779921698800886e-05,0.9846295776401328
11,6,5.9189827930249456e-05,1.9896163646247336
11,7,1.0485364066344573e-05,1.1632896051202013
11,8,9.898479283882262e-06,1.111729268242465
11,9,5.670415422935283e-05,1.0017944222418391
11,10,3.4732674986531355e-05,1.2282535280418851
11,11,1.3566129628891809e-05,1.097375899396819
11,12,9.153086596126832e-06,1.3948566033902772
11,13,1.2528154915938956e-05,1.1544463735776187
11,14,1.0965074059571295e-05,0.9913587633351437
11,15,9.758091153513449e-06,1.0126084640942212
11,16,1.41546789874418e-05,1.2782224834392064
11,17,2.4250218122605755e-05,1.0479569689755224
11,18,1.7738648065523387e-05,1.0249985909120565
11,19,2.6737731560238282e-05,1.055125598947302
11,20,4.51766645113526e-06,1.219444833905714
11,21,4.4821953771852326e-05,1.5067067178166282
11,22,1.718619282579737e-05,1.0254232517574737
11,23,1.660444239988293e-05,0.9912210716837061
11,24,1.630244105410323e-05,1.1831093254977023
11,25,1.0282094509965688e-05,1.334256610324104
11,26,2.9344032383465534e-05,1.038784585107198
11,27,1.017828631999316e-05,1.3600090343798543
11,28,8.898222326641011e-06,1.0870698394525022
11,29,1.1312512866459826e-05,1.127638433998126
11,30,1.0046524654510282e-05,1.1212182507594617
11,31,9.040153886666723e-06,1.079184820430091
12,0,1.0806352202704138e-05,1.3413468117930154
12,1,1.164938908601766e-05,1.2763457123021238
12,2,2.4449711340419957e-05,0.9930099162395359
12,3,7.687972830247468e-06,1.2301303341166785
12,4,1.7898701446945017e-05,1.0635413102716706
12,5,1.4888778649445782e-05,1.2375895089352045
12,6,5.10181590234294e-06,1.176185061482086
12,7,1.4878851762227951e-05,1.2439313808318255
12,8,2.6200252659800145e-05,1.1711412172613394
12,9,2.1739424115966095e-05,1.1146015676507517
12,10,2.492406527463292e-05,1.3966895458521877
12,11,9.159574396268555e-06,1.223270630495076
12,12,8.998944974547615e-06,1.1040794542125985
12,13,2.6161647273943292e-05,1.1748501591580012
12,14,9.899644991272863e-06,1.1754175913362344
12,15,9.372119031277157e-06,1.1069293837558682
12,16,7.606624192569169e-06,1.0932870564426613
12,17,1.2818002922354233e-05,1.0933815630068358
12,18,8.513907414996228e-06,1.2128552617776365
12,19,2.0701560066486536e-05,1.6433569335140874
12,20,1.1917726548478135e-05,1.306857082098367
12,21,1.0609621942968653e-05,1.2554140824975717
12,22,2.2104805627517426e-05,1.1053045443532574
12,23,1.7550628755731345e-06,1.2293817912764082
12,24,1.768319746030679e-05,1.6837173210977086
12,25,2.152666887259047e-05,1.1352922135719536
12,26,9.825418870770031e-06,1.1571897192046865
12,27,6.7406242624310225e-06,1.3475935755595387
12,28,7.4129270060634365e-06,1.0800957277452747
12,29,5.735122532837685e-06,1.2590043726855076
12,30,1.387501485183305e-05,1.116405080383319
12,31,5.80180517632527e-06,1.5604181402338433
13,0,7.858924442375838e-06,1.353528457154522
13,1,6.366676542513975e-06,1.4440240049134576
13,2,7.734482852488859e-06,1.1109518913778884
13,3,2.5106101817411686e-05,1.1891074153859178
13,4,9.567072804532261e-06,1.1857770570991717
13,5,2.378577813256764e-05,1.6288682584261838
13,6,1.607436904963495e-05,1.2239280058262172
13,7,1.062001844940372e-05,1.0630066708903894
13,8,1.1603895662006739e-05,1.4608083387547859
13,9,3.8337164102307646e-05,1.0566900573937592
13,10,7.780053238527514e-06,1.2914053187449963
13,11,1.6597182843996353e-05,1.0589764975135822
13,12,2.0590202076122892e-05,1.3922196821836412
13,13,1.16755164732904e-05,1.1932740589314828
13,14,9.723447680583839e-06,1.1791638885306857
13,15,5.9931517926587664e-06,1.0519171919060208
13,16,1.1679830477772815e-05,1.3359039556439567
13,17,9.947679599699898e-06,1.3253370797150459
13,18,5.295250501122937e-06,1.1628814858297745
13,19,1.1496092138649686e-05,1.0773103412978688
13,20,7.086695572838716e-06,1.1185455364372963
13,21,4.6630322489372286e-06,1.1324365275002892
13,22,1.4058185015723936e-05,1.1858521324353457
13,23,1.659736675880241e-05,1.0336768950653532
13,24,1.9147554222597304e-05,1.6438010718771268
13,25,7.68339128031641e-06,1.1391059013994895
13,26,1.23697955997226e-05,1.1093054933024478
13,27,2.9497715095073365e-05,1.2374858674115383
13,28,7.455025198984711e-06,1.2506794214248658
13,29,1.0712590788933254e-05,1.4688686217214726
13,30,6.178626734097782e-06,1.083996710629338
13,31,1.940999581402269e-05,1.218451543355045
14,0,2.485716023353464e-05,2.109778942697657
14,1,1.3074164457205138e-05,1.0776740939634228
14,2,4.858515588831825e-06,1.1316174029734938
14,3,5.397221178714442e-06,1.0412744230472957
14,4,1.1153038049999291e-05,1.122033764012958
14,5,2.5907263143967057e-05,1.398746026842577
14,6,9.025396881685486e-06,1.1134517944513471
14,7,6.095213171400177e-06,1.122413813015157
14,8,6.654114064219828e-06,1.2481215224914732
14,9,5.380222556793509e-06,1.147249856143123
14,10,7.856320919803658e-06,1.0645992012183252
14,11,6.404275712597598e-06,1.1005453583733278
14,12,6.813861575844291e-06,1.0486085459838903
14,13,1.089424006105373e-05,1.0726638569752185
14,14,7.528035911250375e-06,1.6224839201974983
14,15,3.865204778077444e-05,1.4676823501086178
14,16,8.299349331391655e-06,1.4557260596382304
14,17,5.346411214754001e-06,1.0891536998862583
14,18,8.799028000251692e-06,1.0256211970472677
14,19,1.0707994120117956e-05,1.0878928000716435
14,20,8.707194018584308e-06,1.2831605127716974
14,21,9.477613068877293e-06,1.1863006204864575
14,22,8.692781060905518e-06,1.3939505832007506
14,23,1.6625850878236787e-05,1.680119857753945
14,24,8.83412648795402e-06,1.0220079521290726
14,25,2.4737456094645582e-05,1.3919571159563087
14,26,3.775780588926725e-06,1.0421250604786565
14,27,7.064939392598272e-06,1.1338810946890163
14,28,9.484790401667444e-06,1.1826692379175336
14,29,5.495311001442808e-06,1.0712702735227162
14,30,7.094677927933213e-06,1.2372981704220283
14,31,2.946742186087338e-05,1.441742729856177
15,0,7.439620233294254e-06,1.0791424478722074
15,1,1.9681726390447134e-05,1.3879533765993142
15,2,1.5805893175755845e-05,1.2690570006791617
15,3,8.000229298146366e-06,1.157945634527821
15,4,9.95216415462577e-06,1.1713891445310134
15,5,1.0184244829165621e-05,1.1110880414739714
15,6,1.313415592570574e-05,1.1856012951502652
15,7,2.4579782687859145e-05,1.358619968646466
15,8,1.0312099954428574e-05,1.1209723579001598
15,9,7.4399486524822535e-06,1.6689339044270481
15,10,2.5444457996051775e-05,1.327010835895675
15,11,1.896381249576921e-05,2.127148580380442
15,12,1.6467297150690437e-05,1.103016908584176
15,13,5.9820755162086145e-06,1.1928300141150172
15,14,1.2519762810689677e-05,1.1037747990259976
15,15,1.284350119998622e-05,1.034420082876392
15,16,9.943396570566632e-06,1.461028369514356
15,17,3.7585058796870995e-06,1.1933402580975918
15,18,5.2849868396299185e-06,1.1021479038179347
15,19,7.059350843838579e-06,1.0899287290675543
15,20,1.1476055658015721e-05,1.1582295814391252
15,21,2.1092603176390153e-05,1.8810958341084119
15,22,4.522855481718363e-06,1.0964614477248635
15,23,1.2260772657669167e-05,1.227683571414902
15,24,8.35989033308787e-06,1.160081840585695
15,25,1.1737722807756524e-05,1.3824394845734918
15,26,2.2029830109427915e-05,1.5165176521337687
15,27,6.28325421426272e-06,1.0658200291858937
15,28,6.715648189632429e-06,1.4173505785357128
15,29,3.596378663823043e-05,1.2469656328028313
15,30,1.1651607407954514e-05,1.1214818178327102
15,31,8.211475381256449e-06,1.1024407824354696
16,0,5.052764867165341e-06,1.159080718695975
16,1,1.2187495834959505e-05,1.0860499016140412
16,2,6.992570163985227e-06,1.308453446299478
16,3,8.166108679703672e-06,1.394620234300527
16,4,6.039054967150064e-06,1.1202080804009995
16,5,6.677509264723617e-06,1.0855155024152952
16,6,1.2426752480218087e-05,1.2444937851662283
16,7,6.8006134188832215e-06,1.4345987973179055
16,8,4.259817898577703e-06,1.1974830017454015
16,9,7.6215201235172915e-06,1.0920857792537935
16,10,5.315227802195625e-06,1.263053776085519
16,11,5.23846506960392e-06,1.4535174300960823
16,12,5.144562153217736e-06,1.3052233012593162
16,13,4.914423267773882e-06,1.0707091635053083
16,14,2.2070764121238303e-05,2.072160636895027
16,15,6.858781843999898e-06,1.3629238179873737
16,16,7.741403257041428e-06,1.3475814284458933
16,17,1.226819181359617e-05,1.0641816475226373
16,18,1.092425762437072e-05,1.1797196975471296
16,19,9.793594991282945e-06,1.042246758283465
16,20,7.069147584101093e-06,1.3607128521138558
16,21,2.0200051816516813e-05,1.5113478776663185
16,22,2.7004534595085838e-05,1.9417117603069842
16,23,4.641975693263392e-06,1.3358961181026086
16,24,8.264377508408666e-06,1.1432213743432893
16,25,2.11192760154739e-06,1.0527413574778663
16,26,2.1510194095415212e-05,1.2233329587449322
16,27,4.932833832980944e-06,1.0514366149902343
16,28,3.1551127301201786e-06,1.0564489214687758
16,29,5.452882557266074e-06,1.1755626166350517
16,30,1.1974319729748124e-05,1.0435121674810788
16,31,1.330270839098549e-05,1.4083614283928154
17,0,1.83199551735484e-05,1.1153885389569267
17,1,2.0288134483856132e-05,1.2090450730130324
17,2,4.631464712811001e-06,1.027084693703845
17,3,1.446393711970757e-05,1.461436978217241
17,4,3.980689458278649e-06,1.111161491580681
17,5,1.8240208612957903e-05,1.6868296470733133
17,6,1.2580730642590698e-05,1.4100885239307521
17,7,8.41994980748109e-06,1.1784072219329689
17,8,2.2982175519929833e-05,1.690090985685089
17,9,1.7646376435602431e-06,1.0351147454792105
17,10,5.048950227803488e-06,1.0846464573056716
17,11,8.734035599595406e-06,1.0790817859918236
17,12,7.758640335015247e-06,1.1122946570767422
17,13,7.440070760611431e-06,1.1131289809871119
17,14,1.3073009121744213e-05,1.611963960265203
17,15,6.71249019339825e-06,1.4115370104591716
17,16,7.081878550279574e-06,1.0478971448320193
17,17,2.3442666438063986e-06,1.2858088697624661
17,18,5.6389253525753e-06,1.103374560920606
17,19,6.027765188880771e-06,1.5248350733504374
17,20,1.604084638555505e-05,1.2530445792510003
17,21,1.5170110594949391e-05,1.3270934054276824
17,22,7.351370492972066e-06,1.0309174502664078
17,23,4.144779754086398e-06,1.1081338038592463
17,24,7.878523983304703e-06,1.430749037214566
17,25,4.726953856494775e-06,1.0278769537486439
17,26,6.828867769241493e-06,1.0194283493947869
17,27,3.5782536626252695e-06,1.0931175052692896
17,28,1.2646350755000894e-05,1.5666043656538096
17,29,1.2340679595169186e-05,1.305874461547287
17,30,3.0551703185081347e-06,1.0925082793383722
17,31,1.0206720123098339e-05,1.0415183920279891
18,0,3.6822952532493478e-06,1.1294449979194878
18,1,5.43271730260137e-06,1.1444069856106525
18,2,5.177454277644689e-06,1.56652255228994
18,3,1.7717610874869348e-06,1.113693474983543
18,4,7.907476669634044e-06,1.276731985906997
18,5,8.875323633078431e-06,1.602093207864602
18,6,2.6547461580506984e-06,1.2479282317696436
18,7,4.293362801756632e-06,1.2268132022001863
18,8,2.697586410629502e-06,1.1083459480281093
18,9,1.9782947589595926e-05,1.3098265612040043
18,10,1.2877979952246584e-05,1.1047876756344888
18,11,2.9284407162186502e-06,1.0607543929949013
18,12,5.219084434607525e-06,1.1153479821926655
18,13,8.949534508149191e-06,1.4548353905325004
18,14,1.3158224435339222e-05,1.2728524349185333
18,15,6.735906458146633e-06,1.1425641808134275
18,16,2.946758357711696e-06,1.0504768954541064
18,17,4.277462660373416e-06,1.084063362335533
18,18,5.590359767954781e-06,1.0426527860341037
18,19,5.324388739891458e-06,1.1519064690446512
18,20,4.399256359975317e-06,1.1352088455937643
18,21,4.904104198517839e-06,1.244982731825981
18,22,1.6438727290650885e-05,1.3781202230931466
18,23,6.036110210522711e-06,1.1988293483888903
18,24,9.701903392530564e-06,1.1437041262169156
18,25,5.634847524765376e-06,1.147824207865822
18,26,7.136888952788895e-06,1.537083623175974
18,27,4.520416560919074e-06,1.2456245075831265
18,28,1.0692945141615462e-05,1.3713862133481338
18,29,1.7039786538652345e-06,1.0945700900366881
18,30,4.9191795096052384e-06,1.1056952828154643
18,31,5.310675958553866e-06,1.1071532301800349
19,0,2.0657559407199857e-06,1.2595546066334253
19,1,1.9567248548035395e-05,1.3302693904726488
19,2,6.15578730627056e-06,1.4061807868588796
19,3,3.875954179006069e-06,1.0430545228762387
19,4,1.173446867738971e-05,1.112730511845154
19,5,5.4363004614525145e-06,1.3048840272967173
19,6,3.993779209535149e-06,1.035399325138629
19,7,5.629329222967047e-06,1.0495535284920923
19,8,5.874411612335291e-06,1.0327639014737988
19,9,3.5561396030029027e-06,1.0261825909762508
19,10,4.8581503651173875e-06,1.033942671436683
19,11,1.3113599073011297e-05,1.0599601490116346
19,12,9.417172688660722e-06,1.1668927794140107
19,13,1.6272219810750154e-05,1.5616723819109022
19,14,4.79726198604403e-06,1.0469635777940045
19,15,8.40935477224467e-06,1.1007967870389077
19,16,4.411614708345113e-06,1.6085479239575333
19,17,3.638309258289489e-06,1.0602625164041086
19,18,7.401469520227085e-06,1.2346529159454855
19,19,7.151947932911286e-06,1.0537738020494047
19,20,4.7771923077138674e-06,1.149295704916724
19,21,4.5817713076033095e-06,1.0400156990155969
19,22,1.2234856349573474e-05,1.1450988114022411
19,23,1.560768299492416e-05,1.20261133360123
19,24,9.053131699258046e-06,1.2852984399385838
19,25,2.258543535713769e-06,1.0913046281491372
19,26,3.995272022067555e-06,1.0667032395456173
19,27,8.076743712962502e-06,1.6165208768161783
19,28,1.4201913439795272e-05,1.1103756299735823
19,29,1.968354744325322e-05,1.4398807383949261
19,30,6.7371140538460185e-06,1.1610092662114802
19,31,6.664993609043181e-06,1.166972795477346
20,0,7.6291612823256085e-06,1.0186686466019024
20,1,5.741525473813519e-06,1.0322873927528362
20,2,6.856136841414764e-06,1.3473652435657801
20,3,5.1191825132003585e-06,1.0587080917950178
20,4,6.749205387595164e-06,1.3438675995942801
20,5,4.930099191471683e-06,1.0737281382795165
20,6,2.774346760605564e-05,1.3769460614370561
20,7,4.947499347597706e-06,1.1838906405933718
20,8,6.080264688589219e-06,1.0594961329690027
20,9,2.1172028348468877e-05,1.2150603702927547
20,10,6.824772266628448e-06,1.0600506911698844
20,11,5.621184517750236e-06,1.1591222610564675
20,12,4.4648685641228716e-06,1.0767481758372597
20,13,8.173868574456216e-06,1.3718949775991691
20,14,3.4051806598571883e-06,1.0460441622358518
20,15,5.597767017152668e-06,1.3654183100402213
20,16,1.9533532820153688e-05,1.2251278479514658
20,17,7.759217692128309e-06,1.1401655334276914
20,18,8.583021315162265e-06,1.2017336049341643
20,19,1.011046755428302e-05,1.1703063532959022
20,20,6.8689080823629205e-06,1.446821303413136
20,21,7.2409579762911115e-06,1.217284654945064
20,22,8.49501731368807e-06,1.1004916032345027
20,23,1.3887077963462354e-05,1.1738985989144992
20,24,1.0305728345599483e-05,1.2086038832448263
20,25,7.078971713612048e-06,1.1164407496805122
20,26,8.73447477038435e-06,1.2265285797506074
20,27,4.491838836680702e-06,1.031832972232937
20,28,6.814164810711579e-06,1.076132666979314
20,29,5.30438389681212e-06,1.0311978773740709
20,30,5.633747319443674e-06,1.03676700182348
20,31,7.457703360900125e-06,1.2100399524329102
21,0,7.540786867644861e-06,1.1720872142718914
21,1,3.981720714676772e-06,1.0284374717311813
21,2,4.810627552910394e-06,1.158748352043953
21,3,5.204788277212102e-06,1.0701624587498304
21,4,5.944895886588672e-06,1.03577485943751
21,5,4.543277584687135e-06,1.0253943296491672
21,6,5.916163442975359e-06,1.0751268773773122
21,7,8.979596943199773e-06,1.1564177458496823
21,8,4.4537425436305805e-06,1.1512698844395275
21,9,2.560439050958894e-06,1.0317711081880374
21,10,5.784160111617898e-06,1.1932295337781702
21,11,6.163187647921306e-06,1.0872448244072088
21,12,8.111394421367443e-06,1.1858233072877216
21,13,3.2098246611050488e-06,1.1646744988129645
21,14,3.078544851992939e-06,1.1903286119065022
21,15,4.2111918045041014e-06,1.0626936669565896
21,16,4.8599273392844565e-06,1.0511439710926611
21,17,1.0310249069110957e-05,1.4190688503101503
21,18,4.2699008039679825e-06,1.0657475001487642
21,19,1.2657855411486918e-05,1.1670103373561669
21,20,9.47346757552981e-06,1.2126721948314112
21,21,5.561302138906378e-06,1.1097163058692914
21,22,2.423405060562583e-06,1.2883364441286693
21,23,5.118546505291914e-06,1.1195884208975089
21,24,4.120824860256715e-06,1.141491732278701
21,25,3.191630766269687e-06,1.2365794082814583
21,26,4.3416601234261835e-06,1.0480042808095709
21,27,4.9797153171967475e-06,1.039213923338205
21,28,4.844051999485309e-06,1.0599835520996967
21,29,3.2262233646378782e-06,1.0262296736382641
21,30,3.2559084469722146e-06,1.0240145410444401
21,31,5.187813299874252e-06,1.059428453900649
22,0,4.856421673614634e-06,1.2145589632748988
22,1,5.73344452781111e-06,1.1798601543704195
22,2,1.3929647607722587e-05,1.4017049170906049
22,3,1.645757709624277e-05,1.183826863338953
22,4,4.361670250799976e-06,1.2902424044711494
22,5,1.0779156532288413e-05,1.2277035003061225
22,6,1.5504944329099054e-06,1.21847939366088
22,7,3.665656052781397e-06,1.2078292558187516
22,8,7.445631230404446e-06,1.1302417733504266
22,9,4.1538649917055275e-06,1.0314765541536426
22,10,1.8901381890328662e-06,1.2834557319882376
22,11,7.30918222339164e-06,1.5182812817056879
22,12,1.0949647327002747e-05,1.2656794087699035
22,13,7.364898796333195e-06,1.1497189723221954
22,14,4.170361947853311e-06,1.1010076660529526
22,15,1.3673904435224982e-06,1.049160163328585
22,16,6.915963371206163e-06,1.0722763550309975
22,17,5.447007885271809e-06,1.1942021374486227
22,18,6.949163450539136e-06,1.1752850813626674
22,19,3.170648713080753e-06,1.02591546128075
22,20,4.504098718031393e-06,1.1397220014103273
22,21,4.806555999691394e-06,1.248486538604791
22,22,2.588390438402903e-06,1.0166763270100432
22,23,3.270014568651383e-06,1.0610327310949066
22,24,3.180912155204301e-06,1.0276477004007962
22,25,4.115286886456994e-06,1.369374583444618
22,26,5.097677053516297e-06,1.6344373997185282
22,27,4.604648446521317e-06,1.0263731012480926
22,28,3.793800617841434e-06,1.0775062734585674
22,29,6.337628158023384e-06,1.1404369489674353
22,30,7.674467866061534e-06,1.0592646189122894
22,31,6.057099905854835e-06,1.0830169418262126
23,0,2.491683572561387e-06,1.0408464482974322
23,1,3.960272217036596e-06,1.5612107077191155
23,2,3.2535453867135803e-06,1.0897097330389274
23,3,5.3460467616681e-06,1.373803826732681
23,4,5.228924813576265e-06,1.2520719537302532
23,5,3.1490881915781026e-06,1.2589003128766445
23,6,1.0988832988061451e-05,1.176692692704303
23,7,2.5376974165766137e-06,1.0222411810640504
23,8,4.206357265001031e-06,1.0336635066102968
23,9,3.286263974504716e-06,1.0779006746902102
23,10,6.201667096763116e-06,1.305703189549412
23,11,1.9390853515314574e-06,1.0818900684183708
23,12,1.0721760090724396e-05,1.2161437853423962
23,13,5.677582685556985e-06,1.1329493256343577
23,14,7.496053049159066e-06,1.110753234986189
23,15,3.056243880898857e-06,1.0830554307218383
23,16,3.48712406045613e-06,1.193355613107613
23,17,5.6370432868923645e-06,1.1382117331170238
23,18,6.562316610269067e-06,1.329780104222901
23,19,5.732010458705798e-06,1.1616179389999135
23,20,4.367668755598873e-06,1.0321433324517952
23,21,6.068765362740638e-06,1.1203208193858654
23,22,5.799748510776823e-06,1.1622991672279157
23,23,5.373371959106717e-06,1.1840624210658108
23,24,3.1802240825499187e-06,1.1773907131682149
23,25,4.449215004335423e-06,1.1044073175416642
23,26,1.643582198634084e-06,1.0742134543193553
23,27,4.2512237345371925e-06,1.1344607383937426
23,28,1.1967751517250974e-05,1.54606632514899
23,29,2.117669838018741e-05,1.2073474474909198
23,30,2.288927702751464e-06,1.032133436772021
23,31,4.037591918540024e-06,1.0256501059543546
24,0,6.573826386190066e-06,1.1786805174515753
24,1,4.856807655243261e-06,1.2773472357479085
24,2,2.637702605409258e-06,1.0561500606787233
24,3,2.17492131322526e-06,1.0283479763386074
24,4,2.895820486155311e-06,1.061073146116762
24,5,5.000835624596307e-06,1.0894719544913718
24,6,3.972344097366966e-06,1.2679234044933092
24,7,6.378752529462547e-06,1.3568929775802503
24,8,3.4243091098262284e-06,1.0736565286618145
24,9,4.122169087890824e-06,1.1295439887445127
24,10,4.244708104400254e-06,1.3193165940145888
24,11,2.4620725737528933e-06,1.0354448544950645
24,12,4.404140404533972e-06,1.1108196918605904
24,13,1.598410043587393e-05,1.7508230496135702
24,14,5.959275908186656e-06,1.1165668061923297
24,15,4.281876896110153e-06,1.038127890463945
24,16,3.452859297158935e-06,1.0294714806472487
24,17,3.6798834724557087e-06,1.0296394830671871
24,18,9.356891291591032e-06,1.5552659884842028
24,19,7.771292358247462e-06,1.141245407477768
24,20,2.86285328728199e-06,1.0622881150188765
24,21,2.8374964819849907e-06,1.0799484939165502
24,22,3.6367481509262477e-06,1.1739437880550194
24,23,5.40388568618804e-06,1.4603245884251197
24,24,3.912899960607258e-06,1.0705486249240885
24,25,8.106189235803302e-06,1.1186810250498513
24,26,2.1331855637104853e-06,1.1962973904211367
24,27,5.658992122204656e-06,1.2944579301415309
24,28,2.886565634394727e-06,1.147942216185795
24,29,4.748411438554405e-06,1.0829547020586692
24,30,5.308191709265802e-06,1.112924394857912
24,31,1.0050551689971462e-05,1.2281153216282337
25,0,3.866899330339921e-06,1.080647153160168
25,1,3.595634544409637e-06,1.0620629892144398
25,2,3.7973713090179536e-06,1.1067553183343928
25,3,8.241064953840371e-06,1.0849842200700308
25,4,2.848653968877597e-06,1.0717236048281904
25,5,5.421121947787261e-06,1.2251826356305142
25,6,6.333798635724962e-06,1.0537847910405342
25,7,5.091763646815579e-06,1.070832602733075
25,8,3.693488979815746e-06,1.0637962405607637
25,9,6.226723886131176e-06,1.2083369638015091
25,10,4.092864104610284e-06,1.091658350505237
25,11,2.367053120293145e-06,1.0864070651639333
25,12,6.365574163521642e-06,1.1257189293180843
25,13,3.7379247550969983e-06,1.0558780030589685
25,14,2.6880690247035223e-06,1.0492369153903607
25,15,2.5962827932987512e-06,1.1416117004107746
25,16,4.394094311809999e-06,1.0674874120225202
25,17,2.803449144357945e-06,1.03796304142845
25,18,5.273210792746706e-06,1.1717819489271943
25,19,2.080958091859503e-06,1.1677774438425579
25,20,1.3576298002147383e-06,1.0566326004224063
25,21,2.286578993027698e-06,1.0411483217253037
25,22,2.4528793326068778e-06,1.0845568984106788
25,23,5.469997168630885e-06,1.3218672831473885
25,24,4.176917569818078e-06,1.2359962243737923
25,25,4.519891792352525e-06,1.1486239421339195
25,26,2.183739863473609e-06,1.0480972757771931
25,27,5.3907492431774965e-06,1.1550113312668904
25,28,5.54237948333154e-06,1.3619528166149568
25,29,6.050657162710121e-06,1.2376483520061703
25,30,5.241853986977005e-06,1.1718382344325573
25,31,5.890247339244646e-06,1.0799939066811792
26,0,4.204660752354198e-06,1.1112738785140555
26,1,4.294745616982628e-06,1.0719029633697292
26,2,6.178731652777095e-06,1.3308838432330221
26,3,2.2327764637058977e-06,1.0391694298222982
26,4,6.69060975263019e-06,1.8091600999058288
26,5,3.4049424554347856e-06,1.152715990025559
26,6,1.8083622666194742e-06,1.3348885069029996
26,7,4.362023479332054e-06,1.2062092379340124
26,8,3.428585763705523e-06,1.1270309913129966
26,9,7.022586786984547e-06,1.3564404373806245
26,10,2.4985136333857e-06,1.3842075523157962
26,11,5.009815276935115e-06,1.1171011948073395
26,12,5.521589215632243e-07,1.042684356181889
26,13,3.263427099611758e-06,1.3084299640040977
26,14,8.68934974729582e-06,1.5426835130108854
26,15,6.3491267941537275e-06,1.2387049051343968
26,16,1.919962182302463e-06,1.0890772808707698
26,17,1.9612551606556837e-06,1.1051211945481403
26,18,3.5833707493013755e-06,1.3103971495548694
26,19,1.6605059722993303e-05,1.4790192332643313
26,20,2.0300006721634002e-06,1.1806317736254672
26,21,4.018952603775454e-06,1.1120598175076142
26,22,2.6558374527662844e-06,1.3300330862509606
26,23,3.4056418984280466e-06,1.1250375487639397
26,24,6.52030828920784e-06,1.1318942171861561
26,25,5.590697845748597e-06,1.0659658677253632
26,26,2.8263251576405954e-06,1.0450765697369997
26,27,4.502729093571723e-06,1.0637941753665132
26,28,7.005595654068733e-06,1.233116749704311
26,29,5.4698557697717824e-06,1.2591879016744207
26,30,3.2735715752428547e-06,1.5312844999650213
26,31,3.7463308736192384e-06,1.1121710527483775
27,0,2.9876849068087397e-06,1.1189993589191847
27,1,1.2787394873726315e-06,1.0597807535408221
27,2,5.185203468795028e-06,1.608695881747972
27,3,1.736317278294191e-06,1.1306819610208771
27,4,1.829067102838689e-06,1.1229062900907385
27,5,1.0686624136181618e-06,1.055475329214747
27,6,3.6624877978702554e-06,1.4399085225239574
27,7,4.4579647703297425e-06,1.3984487451061713
27,8,5.323385498317844e-06,1.3154772460887427
27,9,4.140994745530125e-06,1.2021447236327396
27,10,2.2601564177451486e-06,1.0612771566272636
27,11,5.525148375246211e-06,1.0934207866755192
27,12,5.107499326811513e-06,1.626568145626769
27,13,2.0606231531590023e-06,1.0934069345560733
27,14,3.279776120856921e-06,1.0920820413739698
27,15,2.242958623457682e-06,1.245182237590981
27,16,7.02858934348466e-06,1.3644295651474545
27,17,4.332564042633228e-06,1.5479208681634615
27,18,4.916311617327192e-06,1.2386847781110777
27,19,3.593294088133226e-06,1.092944533272973
27,20,4.6062955699700354e-06,1.3297080886107926
27,21,3.857873363394337e-06,1.1428056259428403
27,22,8.756211234016919e-06,1.2983343673492105
27,23,4.048415172261763e-06,1.226386035086147
27,24,8.942105368265805e-07,1.1490444430872477
27,25,7.82067746775995e-06,1.2018720575619426
27,26,4.251457505064393e-06,1.2164424009710053
27,27,4.9711012343540155e-06,1.1791205390825477
27,28,3.0487538520545598e-06,1.163392358235926
27,29,4.432240418145413e-06,1.249439964430998
27,30,5.771173627027155e-06,1.2309309701646427
27,31,1.2358352121732628e-06,1.0489932588290485
28,0,2.1140128653047616e-06,1.1030618974303288
28,1,9.371275645688584e-07,1.066352842815736
28,2,5.767914275422738e-06,1.3755493568065342
28,3,8.972112666800932e-06,1.439851197877761
28,4,1.1171296023348987e-06,1.064859213749378
28,5,1.073430785170347e-06,1.0777514918038271
28,6,4.942050638423801e-06,1.0904591088647775
28,7,4.831588444013507e-06,1.3233044949237942
28,8,1.4488136142102084e-06,1.0837529444182403
28,9,1.754612215440428e-06,1.164516925697964
28,10,1.8810964576571598e-06,1.3215040966548328
28,11,1.0253181258154472e-05,1.3216267198253075
28,12,3.3138269670931216e-06,1.077636513049961
28,13,5.800063264644131e-06,1.6374108537000234
28,14,2.5471363471887494e-06,1.0982952362028682
28,15,1.2918354689663005e-06,1.1540076652972966
28,16,1.6252952538353364e-06,1.1053007092851443
28,17,3.693140825840831e-06,1.1944593446066953
28,18,4.037057399712733e-06,1.479109528354927
28,19,2.9279015209823252e-06,1.1596129327514575
28,20,1.4410357812483803e-06,1.0991633701438266
28,21,2.1254189705783024e-06,1.0925308992868392
28,22,2.184368186830146e-06,1.1713951514273668
28,23,3.558634707783128e-06,1.5054753601124293
28,24,1.7976327833751955e-06,1.0757051324502949
28,25,6.993219336883746e-06,1.4744522829328914
28,26,1.182892665578763e-06,1.2319427094197786
28,27,1.2790076066549102e-06,1.0377090976460168
28,28,4.0838663696066495e-06,1.2713127770685637
28,29,2.8983871574239387e-06,1.2212303879721922
28,30,5.993803435302086e-06,1.1837437389005057
28,31,1.2041900602250187e-06,1.0919018286793785
29,0,1.5752345959423144e-06,1.1852761232767584
29,1,2.994991619941342e-06,1.1016342175604334
29,2,7.536334432316663e-06,1.2552607713849562
29,3,3.0864337985085533e-06,1.2515223143493361
29,4,3.073678187140021e-06,1.1844347888359306
29,5,5.2977135485483544e-06,1.349389427544678
29,6,9.144252774995755e-07,1.0531005673306084
29,7,6.063714355630006e-06,1.1232136498772158
29,8,2.0201248612129413e-06,1.1394566131946864
29,9,5.318762690429461e-06,1.1726721501862518
29,10,8.628246968304435e-06,1.6393367194332769
29,11,3.2670961904092664e-06,1.1361820722252203
29,12,3.2512638293900287e-06,1.2677760930505175
29,13,2.6259720084616673e-06,1.0717723394066168
29,14,1.0450857970310503e-06,1.2375729190990292
29,15,1.9617256968345927e-05,1.587935746939484
29,16,2.495808311277761e-06,1.0921509406447125
29,17,4.319891566623382e-06,1.0980028364709566
29,18,1.6564194355512594e-06,1.2358923481301647
29,19,2.501389930838261e-06,1.0851000208274277
29,20,8.102217121015379e-06,1.2463030501595544
29,21,3.3298407757241082e-06,1.0855491941470234
29,22,3.7895105738775533e-06,1.159640644216879
29,23,3.75821196062861e-06,1.2318541991682213
29,24,8.223372511947716e-06,1.4197409668515006
29,25,1.8095747934515295e-06,1.1375345056552022
29,26,5.585446345631943e-06,1.1351392910417908
29,27,5.29554132278489e-07,1.0443373527617898
29,28,5.6504390888139195e-06,1.1842925545139358
29,29,2.5396141576133067e-06,1.4516677691999085
29,30,3.910828388245292e-06,1.5688919049174235
29,31,2.184189694804849e-06,1.1953392496541462
30,0,1.6720301833447159e-06,1.0982643361876858
30,1,4.23451219364209e-06,1.2344110570261189
30,2,3.817831904233613e-06,1.650721152016542
30,3,2.2313867292113495e-06,1.1094985935170212
30,4,2.416313102192032e-06,1.199437330787677
30,5,1.6246634851435599e-06,1.136500222472416
30,6,8.531691113584851e-07,1.1138751593865188
30,7,3.139644110762288e-06,1.3077645063969288
30,8,1.6365300996828252e-06,1.1711411625217993
30,9,1.1169329813397729e-05,1.6775006134356405
30,10,2.2391052914453666e-06,1.271784505809975
30,11,2.5277449561693917e-06,1.157905260759777
30,12,5.433190222047111e-06,1.2922586865527532
30,13,1.8896656703535771e-07,1.0248978650086251
30,14,2.904539208805443e-06,1.0934004276635254
30,15,5.762241842056545e-06,1.2496329615963957
30,16,1.974386797127819e-06,1.1448772629007236
30,17,6.059692593393057e-07,1.1477268994565795
30,18,7.759112255671924e-07,1.0412027066533491
30,19,1.597027816304139e-06,1.1963754972580793
30,20,1.0758980956486817e-06,1.0609751583568237
30,21,1.635371356465722e-06,1.1904145261268342
30,22,1.4691569414527578e-06,1.2615383869708297
30,23,1.9280675127749184e-06,1.1145175249878148
30,24,3.568949009355071e-06,1.57123613107176
30,25,6.2985068328616715e-06,1.3707771448076198
30,26,4.984250402476109e-06,1.5046564017389157
30,27,4.746038402940517e-06,1.288805043441299
30,28,1.232869896570121e-06,1.122234347384414
30,29,1.4121564880483208e-06,1.088517154486481
30,30,1.8517650850296935e-06,1.1330938863299058
30,31,2.160380926466295e-06,1.3467577085290148
31,0,1.4211363453761636e-05,1.4189345399633513
31,1,8.012896124761497e-06,1.3799466417057702
31,2,6.050602672256073e-06,1.2849864173902816
31,3,4.781594456450522e-06,1.3099031687920872
31,4,1.6421121309144893e-05,2.316606269531432
31,5,7.9958446543609e-06,1.7072319727808878
31,6,2.567273848459832e-05,1.2789041939669406
31,7,1.234292329407032e-05,1.5393991877753865
31,8,9.025311258294425e-06,1.2327069223922875
31,9,6.741699488882308e-06,1.2135197039720267
31,10,1.3539194487249073e-05,1.1629937380196655
31,11,1.6144351853363506e-05,1.3006750642826563
31,12,9.314889647393056e-06,1.2169340326564124
31,13,8.010218523194668e-06,1.6290843254626508
31,14,1.0299848023450782e-05,1.3193228391019143
31,15,1.8525169682610522e-05,1.2062505657746854
31,16,3.3888091046326752e-06,1.1182712239126602
31,17,1.9171515409685342e-05,1.6774611159554529
31,18,9.662459252860554e-06,1.2586809972021062
31,19,7.188685596945382e-06,1.3909667844135039
31,20,5.770728351119363e-06,1.2679322517003535
31,21,9.685439411426427e-06,1.324653350481839
31,22,4.640437295453085e-06,1.124029791383584
31,23,7.13169916210482e-06,1.2674813041254558
31,24,1.1274980129754651e-05,1.3750441326446352
31,25,2.9102915209857804e-06,1.1259567136696245
31,26,9.607286184836125e-06,1.3756763883308465
31,27,1.3618945580986906e-05,2.6141971438483007
31,28,8.597745934534909e-06,1.390163763781436
31,29,1.3114627215095522e-05,1.2497541114652355
31,30,1.1230659381730489e-05,1.2357119093077849
31,31,6.799248641986899e-06,1.6722790837003394
