git alayerID,head,avg_dropped_token_score,avg_remaining_token_score
0,0,0.0003908397662194653,1.154563605917297
0,1,0.0007116907960224044,1.0411825351558885
0,2,0.0010710714967299257,0.9149182230669506
0,3,0.0003400325418969195,1.264911526280623
0,4,0.00032114661112332373,1.0059346567745386
0,5,0.0009307944423876928,0.9409855498366253
0,6,0.0005535386733640886,0.9756951122064409
0,7,0.0003433308253363546,0.9065320890210486
0,8,0.0005147783378030504,1.1245385661173732
0,9,0.0004139082321446536,0.9365109351685006
0,10,0.0006520735155851854,0.9740151915206167
0,11,0.0003298129759035364,0.962506543091305
0,12,0.0002783561437461862,1.2759067796404882
0,13,0.000468119429900064,0.9253441514088655
0,14,0.0008425971251894275,0.941518857105478
0,15,0.00016113243429488578,1.387284429002621
0,16,0.0004134796409112318,0.9912240760101582
0,17,0.0006124858635113067,0.9277678380343913
0,18,0.00032882029130364734,1.2896375073010333
0,19,0.00017706195846987015,1.314084903230283
0,20,0.0005912351547084887,0.936925349350575
0,21,5.83789869018207e-05,0.9237413286582302
0,22,0.00016817244762741472,0.9345749051183555
0,23,0.0006981565901338015,0.9551316464089777
0,24,0.00026289128240644904,0.9070406016547788
0,25,8.948469538568195e-05,1.8702866183070284
0,26,0.00039742761176642674,1.1131237107021927
0,27,0.000586751648339811,0.9271489584166268
0,28,0.0006381129147587966,0.9489199507811683
0,29,0.00010286384709710975,1.3587534850864824
0,30,0.00034403399295421363,0.923776434263649
0,31,0.0007319018746839177,0.9249631251155301
1,0,9.326853129058134e-05,1.7044330099189424
1,1,0.00015924653163249428,1.3061641732271185
1,2,7.200882470972628e-05,1.6519009839543837
1,3,0.00010133203393818862,1.149289803781463
1,4,0.00027875307186729523,1.1421571441222313
1,5,0.00029070200241772124,1.1021627768207938
1,6,0.00012712393293063737,1.6094046664375181
1,7,6.174910655682709e-05,1.3146441680448886
1,8,0.00021619174137544865,0.9528359655734446
1,9,6.090472412596907e-05,0.965988010999216
1,10,0.0001413695116945783,1.2916753093665445
1,11,0.000407112627499675,0.9521426388308664
1,12,7.23374860151913e-05,1.3079074648113682
1,13,0.0001410928186216625,1.145308864649654
1,14,0.00013686884452089287,1.3698674115843348
1,15,4.2754222604138916e-05,1.6309345835550215
1,16,8.21809368399113e-05,1.5503379262195536
1,17,8.331877484315801e-05,1.0184615462583058
1,18,0.00021393643682473184,1.066919675808451
1,19,4.301161660611864e-05,1.8916972125193987
1,20,0.0002496056935577618,1.0458491544060708
1,21,7.67016306325689e-05,1.2572957764372672
1,22,4.998050546649401e-05,2.662252887575539
1,23,0.00015993390609669484,1.0872786762757658
1,24,5.318289984239928e-05,1.6408582651388228
1,25,7.138546622706787e-05,1.3155727074599044
1,26,0.0002001958274884793,1.0116622708655396
1,27,6.388613538873877e-05,1.7180456836543394
1,28,7.21807079803896e-05,1.3111710600643993
1,29,0.00016958883788064885,1.2122022849682845
1,30,7.340438652454537e-05,1.234601466145965
1,31,7.225363154096259e-05,1.261664052989009
2,0,6.8123376861233785e-06,1.1573393970741113
2,1,3.337526099901222e-05,1.089480808373308
2,2,4.756024788744601e-06,1.236376209615764
2,3,4.505229898200567e-05,1.0315514220870559
2,4,1.4313404080499985e-05,1.1671693702881818
2,5,7.002796543006251e-06,1.2339128002016457
2,6,4.707802029163659e-05,0.9999352581155886
2,7,1.0379828533887736e-05,1.2305238566181205
2,8,9.616559186501324e-06,1.1466117552710402
2,9,1.3500964924570689e-05,1.10193471578224
2,10,1.2465360421809526e-05,1.0922911761344245
2,11,6.804964320781155e-06,1.1936849958340432
2,12,5.614326602906154e-06,1.1418374029077645
2,13,8.213937658612347e-06,1.1159517075858216
2,14,1.5641348849020632e-05,1.1094471027282236
2,15,9.638327519850967e-06,1.1444902932448637
2,16,5.500448316046553e-06,1.1479401930394875
2,17,2.7037623978859517e-06,1.2181954053504744
2,18,8.217042744786068e-06,1.189520985956686
2,19,9.566582196377999e-06,1.1049965210011599
2,20,1.8240274204502662e-05,1.0944108909714163
2,21,2.1803220614634564e-05,1.0016758412109534
2,22,7.446771408154784e-06,1.0225690306948054
2,23,1.273614917187817e-05,1.0492394765745807
2,24,5.290994824367448e-06,1.2094912102075739
2,25,2.596528627988567e-05,1.0739896321729412
2,26,6.108559800741639e-05,0.9903220259388658
2,27,7.9190958302926e-06,1.1833348706423998
2,28,1.2464563375116259e-05,1.1430472505995002
2,29,1.165001689802074e-05,1.23165629916932
2,30,5.955066251755313e-06,1.2803109824631054
2,31,1.4993158399908345e-05,1.1419962093649632
3,0,3.537497579923206e-05,1.0625475263532256
3,1,1.6467297858269594e-05,1.0770011013089265
3,2,4.8335071396742765e-06,1.1383480092179938
3,3,9.875050242207841e-06,1.158687828652043
3,4,6.283266256293804e-06,1.0418309540071018
3,5,6.070165204508398e-06,1.1451185008180305
3,6,1.6830935034204008e-05,1.1359791695517532
3,7,3.539626286132158e-05,1.0077049548829642
3,8,3.7932670427887084e-05,1.0177196537883686
3,9,1.2096977974983423e-05,1.0823917531397238
3,10,4.40139970653141e-06,1.1381757931669183
3,11,4.334379186997811e-06,1.137687702102965
3,12,7.986508945856155e-06,1.0863367329133513
3,13,4.430406957629006e-06,1.1126312974703527
3,14,4.1518601730645925e-06,1.1268473082065793
3,15,5.127798432512181e-06,1.1488409703049105
3,16,5.382898718445825e-06,1.1507412990461994
3,17,1.3257545658953912e-05,1.0289407240811466
3,18,8.50785554137006e-06,1.106068053515731
3,19,1.2719945459669363e-05,1.1240244128103538
3,20,6.4170712870217735e-06,1.102810218567445
3,21,1.110552211572259e-05,1.0499880919154634
3,22,6.757350246206169e-06,1.1642512239782934
3,23,9.002229205810791e-06,1.0602996562528841
3,24,5.444126657366425e-06,1.0790528603072924
3,25,1.4720302265717165e-05,1.0369985827095163
3,26,9.378509915393126e-06,1.1402328370576835
3,27,7.583871232556394e-06,1.0183106819155365
3,28,3.0474231322868636e-05,1.0277284029153873
3,29,9.256576507834986e-06,1.109496950047794
3,30,7.0894028243032415e-06,1.1474914388247115
3,31,2.366963309222498e-05,1.06230899307674
4,0,4.160073663000583e-06,1.2526527392542326
4,1,1.8534780955890592e-05,1.1221740558222364
4,2,2.5369431152132775e-05,1.080771092980137
4,3,3.8954305892617864e-06,1.1448130418685434
4,4,1.4630471504218761e-05,1.3056311698654364
4,5,2.5027627732372504e-05,1.0142593186690039
4,6,2.7954685168256787e-06,1.0971455514404613
4,7,1.7631149722172954e-05,1.2775441156440521
4,8,9.337312757737759e-06,1.1410388239404172
4,9,5.431993836598393e-06,1.1749388017502438
4,10,3.8845493558986175e-06,1.142558738107753
4,11,3.557504198664037e-06,1.180870078474402
4,12,4.256459343067752e-05,1.1301347023092998
4,13,2.2743493683627865e-05,1.11553956809008
4,14,1.029933278373434e-05,1.1628591291880175
4,15,5.687618934995457e-06,1.1922795508170667
4,16,1.637215617955989e-05,1.1381095454670678
4,17,3.3252132541082304e-06,1.055316298659157
4,18,5.757673273096531e-06,1.1925695673350267
4,19,5.473907476283826e-06,1.151679413199372
4,20,4.92210083166255e-06,1.0487565363651359
4,21,4.884483110786231e-06,1.0710396595157423
4,22,3.804700514953434e-06,1.1785769550712724
4,23,6.178443943657829e-06,1.14290736380168
4,24,2.6579020758452372e-06,1.06407510885996
4,25,4.981246773550059e-06,1.1459947048747048
4,26,6.545883387303888e-06,1.2379881789484821
4,27,6.414053858080269e-06,1.1870289805611978
4,28,4.287029519623399e-06,1.2219076942901477
4,29,8.306863527408453e-06,1.131381216699331
4,30,1.2430800275369432e-05,1.1974558762186869
4,31,6.312877161752268e-06,1.0876728327942402
5,0,7.503246890410598e-06,1.266813736935008
5,1,4.5102754318632916e-05,1.0570202590934783
5,2,1.0104076446575456e-05,1.043460385627375
5,3,1.3540389359087736e-05,1.1680142437794294
5,4,1.2286037279960125e-05,1.1925503412882488
5,5,2.0231475230455733e-05,1.041497249368969
5,6,5.491861627601626e-06,1.0234038373335845
5,7,8.824653529397134e-06,1.086653461441523
5,8,7.507616355293375e-06,1.1793591826824341
5,9,4.3026593452047445e-06,1.2235080668650775
5,10,5.432818120222191e-06,1.3113105265426128
5,11,5.1134820916100795e-06,1.089628054642899
5,12,4.4575101172515835e-06,1.0244207985372658
5,13,1.5709194939018417e-05,1.144288036927759
5,14,6.6206554054724274e-06,1.1439120545752441
5,15,2.4856833671597776e-05,2.607230446833644
5,16,5.494398728898863e-06,1.236626741842867
5,17,1.560259181089524e-05,1.0478169940751756
5,18,3.0796161375007643e-06,1.1774116313895486
5,19,3.846466987404883e-06,1.0786391463940415
5,20,1.9280183376285634e-05,1.0657479822662037
5,21,4.021277261535689e-05,1.2745997650320418
5,22,3.8006701556634095e-06,1.1197857422446613
5,23,2.1351900045927937e-05,1.053798159913396
5,24,3.65855626900448e-06,1.2056072392575559
5,25,1.022715990474876e-05,1.197050122731341
5,26,6.734012890563096e-06,1.041349341247714
5,27,2.073877161342342e-05,1.0139509690657502
5,28,1.274713006989719e-05,1.2675724387854905
5,29,9.532633221117478e-06,1.1639322535872407
5,30,1.8066258101930534e-05,1.2044577697780925
5,31,4.2487923066371176e-06,1.0373525313699916
6,0,1.5150011104265335e-05,1.1953706640540736
6,1,6.001592494926081e-06,1.035819303572521
6,2,6.746958725313073e-05,1.0463219362848255
6,3,2.77617756783026e-06,1.172165822908909
6,4,9.95540966075614e-06,1.195844296809581
6,5,2.185608585857756e-05,1.2567667135257223
6,6,2.3080678722306506e-05,1.0273586736415645
6,7,1.455643647106615e-05,1.0377101099243096
6,8,7.277977897733342e-06,1.0341480536870378
6,9,4.522853802832789e-06,1.022032361581506
6,10,4.2990866021094235e-06,1.1383994942800615
6,11,5.140685859504358e-06,1.149849161894884
6,12,2.7038056918065422e-05,1.1510514449946592
6,13,5.920885028326331e-06,1.096629787831773
6,14,8.895540620615275e-06,1.1726704523488451
6,15,2.940743860695547e-05,1.0562075840893863
6,16,2.243040826072366e-06,0.9844517943710287
6,17,1.994545596213359e-05,1.0690313247834333
6,18,6.057038626156151e-06,1.0565983764678835
6,19,7.220471065395314e-06,1.2214308017225801
6,20,1.2242492873295858e-05,1.0539623921347065
6,21,6.148857284466529e-05,1.095420431172547
6,22,7.732180124812613e-06,1.1732886793762247
6,23,4.867171173042867e-06,1.2407775690936578
6,24,7.00228051467537e-06,1.2293552665279839
6,25,1.076811215505863e-05,1.1107524401743678
6,26,3.9227704798068685e-06,1.0589846522473507
6,27,3.652466876999844e-05,1.3775133776316446
6,28,8.604951342117523e-06,1.1591738600707677
6,29,7.452683085065803e-06,1.180500043340888
6,30,1.3375386747996121e-05,1.020963973047038
6,31,8.914944352892203e-06,1.079706814765086
7,0,3.380247732445228e-05,1.1190965575631502
7,1,1.7512908028293362e-05,1.4455865578294698
7,2,3.8213136522864914e-05,1.1255872926125225
7,3,1.1968672826907164e-05,1.092194366001249
7,4,7.0997513454020656e-06,1.0444789096389844
7,5,8.93355768475233e-06,1.134451486094434
7,6,1.3213119585549044e-05,1.9018081635065236
7,7,1.3876817493044996e-05,1.4714457268417278
7,8,9.769791710407588e-06,1.2073108666024412
7,9,1.386543713520981e-05,1.528448905391786
7,10,2.1635178279978456e-06,0.988365977250564
7,11,4.7303317414735356e-06,1.1738821494468497
7,12,7.745699107489821e-06,0.9931903435572843
7,13,6.638068193355108e-06,1.139336831963342
7,14,1.4293939269755605e-05,1.0675238216804581
7,15,2.0093698154840477e-05,1.0673828742946339
7,16,5.088416718076505e-06,1.139834836237512
7,17,1.2192095078010926e-05,1.1438849719027704
7,18,4.045661370695148e-06,1.3510567739295876
7,19,6.049170581804255e-06,1.273809631876631
7,20,6.409156386380531e-06,1.0604314470037837
7,21,6.6089890962021664e-06,1.0787806925176255
7,22,1.9039409687628662e-05,1.1737344740449247
7,23,1.115311573914768e-05,1.0065553636875972
7,24,5.693698818301429e-06,1.1764696940957788
7,25,8.62795822144673e-06,1.2779944318224234
7,26,6.945989633070489e-06,1.1017227094750743
7,27,7.039958263409834e-06,1.0594698925786654
7,28,1.7658084093327997e-05,1.031817337958989
7,29,8.598557375143225e-06,1.1245823598319633
7,30,5.294515818562979e-06,1.1009544086118566
7,31,1.3800729969097877e-05,1.0660409230793297
8,0,1.1380755016233014e-05,1.1232050205026385
8,1,1.1091851500055024e-05,1.3966075159269606
8,2,5.1922657490889685e-06,1.2671046803197064
8,3,5.617885871871689e-06,1.2518485637827752
8,4,1.3530387070926073e-05,1.059648387355053
8,5,5.690770793615112e-06,1.058097905530081
8,6,2.040715475978429e-05,1.1557487050428386
8,7,1.761127483198348e-05,1.1320408582687378
8,8,2.4480043358727144e-05,1.1968454693523642
8,9,8.196812626056292e-06,1.180565356627773
8,10,1.481364955325165e-05,1.5795839818614201
8,11,8.044555260436742e-06,1.2096102807098599
8,12,5.879747761742558e-06,1.147169101760682
8,13,1.4819133886422617e-05,1.2195227671218372
8,14,1.533180152607945e-05,1.0699303477356106
8,15,4.498643669260106e-06,1.2974729618703227
8,16,7.691036345920661e-06,1.3292406172602511
8,17,7.147129284614547e-06,1.1494332587840337
8,18,5.097107132399252e-06,1.0765951403267038
8,19,1.4203064978233214e-05,1.1147651618009333
8,20,4.768978257070018e-06,1.1191764989749897
8,21,2.5940201814512285e-05,1.4895096388787703
8,22,4.230117971476718e-05,1.0926226058751412
8,23,3.667118406014359e-05,1.0812324691314832
8,24,1.773503476076107e-05,1.0479651176333165
8,25,5.901964349057552e-06,1.0675139779958012
8,26,6.0712293692721836e-06,1.0239849979236835
8,27,4.891846967298943e-06,1.2446424362668953
8,28,4.055803604586106e-06,1.0209573948736896
8,29,5.674994557202249e-06,1.4663404303348502
8,30,5.247549147499934e-06,1.2013901692146007
8,31,7.051714711194228e-06,1.0088861595745264
9,0,1.2564706848221675e-05,1.0728788831266696
9,1,6.0181030436825e-06,1.0852556099349178
9,2,7.28207337602873e-06,1.381946130102849
9,3,7.583977356426304e-06,1.1175304870787
9,4,2.107580767856087e-05,1.370100003367454
9,5,4.947771239299509e-06,1.2928940284669057
9,6,1.2417154846142568e-05,1.3906314034227674
9,7,8.484526476260364e-06,1.2355677756971888
9,8,6.923702026156655e-06,1.0966980556515056
9,9,9.692760478009356e-06,1.2300723032278
9,10,4.604632736474528e-06,1.1345110167017443
9,11,2.747450379984699e-05,1.5408239123461362
9,12,2.1817438083820086e-05,1.153226411041827
9,13,1.9084870853773004e-05,1.8040756314874171
9,14,1.0703757602538752e-05,1.1020177655011059
9,15,7.947394166706316e-06,1.3234322567648886
9,16,1.2583141221498765e-05,1.596656303692835
9,17,6.232210349948167e-06,1.0544724913496208
9,18,1.1527607337173554e-05,1.1785457113666205
9,19,6.316028869494039e-06,1.3286540305630303
9,20,7.884012780160391e-06,1.3232953047636284
9,21,4.647467549856725e-06,1.3051811381745728
9,22,7.2984041243961205e-06,1.1515109020822498
9,23,2.369159739249367e-05,1.0794457010908325
9,24,1.1013436238357184e-05,1.2249544720672938
9,25,6.758523128600788e-06,1.0517436911332603
9,26,8.48961793137347e-06,1.032076089030718
9,27,7.177472672405731e-06,1.6641889206863916
9,28,7.221958649363082e-06,1.203013606808153
9,29,1.1194471041183132e-05,1.1042773123070326
9,30,9.792155331189584e-06,1.147492604321112
9,31,6.28217189501757e-06,1.2642410702808815
10,0,8.002561638965913e-06,1.0776665889884371
10,1,4.143068725475629e-05,2.8930967446184095
10,2,1.8986649289421613e-05,1.3285506582196807
10,3,1.4529537851024556e-05,1.4154380109258435
10,4,6.874655376643547e-06,1.094901772873124
10,5,5.286736252816864e-06,1.4725634182591838
10,6,5.821296659313264e-06,1.1717010695304213
10,7,1.9821074773991942e-05,1.0415524471223012
10,8,1.4611024176788866e-05,1.1910558373276878
10,9,4.186180079539046e-06,1.1832849020554779
10,10,9.317221645751436e-06,1.0998243092962892
10,11,7.726081503258561e-06,1.1581776775897947
10,12,4.113250990957398e-05,1.114221877416397
10,13,6.513640687514879e-06,1.2354150912887283
10,14,9.4423325900567e-06,1.054205254940609
10,15,3.1760636827644063e-06,1.0333697844680931
10,16,7.505883641366484e-06,1.1227882069367758
10,17,5.857022362971362e-06,1.6202209900838709
10,18,2.2532198783843034e-05,1.1184271652648912
10,19,4.0641941811725905e-06,1.1907043280776701
10,20,6.537670295447971e-06,1.252474017616076
10,21,6.986078524225788e-06,1.123101689320531
10,22,8.147671466596514e-06,1.3403861912650943
10,23,3.2963797692405087e-06,1.3351392036731817
10,24,8.372696664468168e-06,1.2352380685016824
10,25,9.84227625297621e-06,1.6118107857879362
10,26,5.375408719768768e-06,1.0718380644185292
10,27,1.1511932231015519e-05,1.2971497882304333
10,28,1.2534473381158954e-05,1.394981928502843
10,29,9.492321373918703e-06,1.1276033158954555
10,30,8.076279345129283e-06,1.3247886473966837
10,31,5.589236479863757e-06,1.231260676044128
11,0,6.003046246868576e-06,1.2892475562477703
11,1,7.2106144487736044e-06,1.0579714711232753
11,2,3.7350525554109245e-06,1.0247667968246776
11,3,1.067013538146792e-05,1.1150890670027445
11,4,1.774961772140387e-05,1.5282680762452645
11,5,6.678291621031036e-06,0.9922784107245403
11,6,3.36342770354729e-05,2.0273811186030146
11,7,6.7527493563905614e-06,1.1820503821569293
11,8,5.581908987638654e-06,1.123784515592787
11,9,2.8103591701348456e-05,1.015898598459454
11,10,2.6645103365701516e-05,1.229491689712825
11,11,6.128250460882162e-06,1.1124037945360248
11,12,6.542533813333084e-06,1.4105075391429143
11,13,5.667621155021263e-06,1.154630858004225
11,14,5.644449035018814e-06,0.9955936743390935
11,15,4.701792685334715e-06,1.0096303441187828
11,16,8.661309527236206e-06,1.2965707215338274
11,17,1.3125330876793074e-05,1.0477244706742792
11,18,1.2051616746967389e-05,1.0331547290627647
11,19,1.5351627014078847e-05,1.0696727406825572
11,20,3.5058735176855145e-06,1.2297724704396256
11,21,3.305999269914251e-05,1.5253879987016723
11,22,7.62827518886387e-06,1.0304898752898124
11,23,7.444702922392198e-06,1.0003853316273295
11,24,6.3806498905747736e-06,1.1917797974539626
11,25,6.3566486805971555e-06,1.355749089246094
11,26,1.4593823144254675e-05,1.0544364158956283
11,27,6.533492859662062e-06,1.3717744707164115
11,28,3.676175841267345e-06,1.0950941768247715
11,29,5.830522310865395e-06,1.1384945331077863
11,30,6.343910176216076e-06,1.1274753709766072
11,31,5.031371062459999e-06,1.0890527715615437
12,0,8.756711817244129e-06,1.3578075126189477
12,1,7.420360088348865e-06,1.296666544377672
12,2,1.5686574088052194e-05,0.9976492236282193
12,3,5.470747656163351e-06,1.2362462532314489
12,4,1.0068587536747585e-05,1.0653109071317
12,5,9.114393169338337e-06,1.2483251411443055
12,6,3.5729652292354416e-06,1.1800062370384727
12,7,1.2237348138763216e-05,1.2543140765363634
12,8,2.0080500954315225e-05,1.1842337569181451
12,9,1.3436726485415565e-05,1.1308823461920987
12,10,1.893038022391325e-05,1.4025261025874158
12,11,6.045016969827437e-06,1.2410557435750433
12,12,4.903585401632884e-06,1.113224804480554
12,13,1.8009650976557083e-05,1.1909967545863536
12,14,5.8979348115436995e-06,1.1866875381900337
12,15,5.626558846965683e-06,1.1126291269536248
12,16,5.052000375887633e-06,1.0926439122533103
12,17,8.40077950035983e-06,1.0990743905160743
12,18,5.735540130460965e-06,1.2174024396155882
12,19,1.6976593572287908e-05,1.6622130505644996
12,20,1.0127520838954995e-05,1.3147408343248
12,21,6.662095023383788e-06,1.2664297786947372
12,22,1.859847185850086e-05,1.1093213819940304
12,23,1.5301962223814327e-06,1.231544569299621
12,24,1.4329639373392461e-05,1.696385826458705
12,25,1.557846828404612e-05,1.1477765138300187
12,26,7.52969293095178e-06,1.158833337653364
12,27,5.170633899933396e-06,1.3538818888666357
12,28,5.3340638909130655e-06,1.0863487117846702
12,29,4.731022061036988e-06,1.2635319809198062
12,30,9.53112300073648e-06,1.1266399323280643
12,31,4.2045050579962405e-06,1.5843293192957608
13,0,6.943352462494924e-06,1.3675507703889203
13,1,5.194227230927757e-06,1.4553923807929394
13,2,5.99083207010851e-06,1.1168922965850594
13,3,2.115466627302835e-05,1.1973230396556136
13,4,6.644277552129547e-06,1.1947238972462506
13,5,2.1693378259733083e-05,1.6281395898344455
13,6,1.3584110367157483e-05,1.2253632886898418
13,7,8.226023962490782e-06,1.066555500505455
13,8,8.338354133054853e-06,1.4648482370503237
13,9,2.8297577282766874e-05,1.0636551010234
13,10,6.336761237146314e-06,1.304802938814235
13,11,1.21475353517628e-05,1.0595694680612875
13,12,1.6176131606841143e-05,1.4073024765481565
13,13,9.659237476006387e-06,1.2011030707648498
13,14,7.95309628037654e-06,1.1865965953280622
13,15,4.836445400000779e-06,1.0549742267848434
13,16,7.516993922354453e-06,1.3491827161927412
13,17,7.062457921086824e-06,1.3479775161329441
13,18,3.623806388089635e-06,1.1681288893426505
13,19,8.858944598669226e-06,1.081079279917328
13,20,5.786427468264465e-06,1.1237432637959786
13,21,3.214915880648086e-06,1.1380390567872418
13,22,1.028601088319172e-05,1.192772384025503
13,23,1.2118599957188396e-05,1.036208959795195
13,24,1.7705936821285515e-05,1.6698190009187628
13,25,6.186738149235555e-06,1.142849251832409
13,26,8.376554777529895e-06,1.1137751159334457
13,27,2.7195983317354008e-05,1.245725577465461
13,28,6.545219083053305e-06,1.2614405973129643
13,29,9.113609003731165e-06,1.4808753967390698
13,30,4.246823932426848e-06,1.0897583467551912
13,31,1.603217914594361e-05,1.2215894402102487
14,0,2.3249297566062086e-05,2.1292061543454106
14,1,1.0396893572606144e-05,1.0763972520089455
14,2,3.853836980188565e-06,1.1328221133663994
14,3,4.324674073059403e-06,1.0401490827269553
14,4,9.653161695290504e-06,1.1252103876149353
14,5,2.33988955798428e-05,1.4043978716008902
14,6,7.4811664073270244e-06,1.114845931345301
14,7,4.925548662464681e-06,1.1204648223161804
14,8,6.0581073132806815e-06,1.2513658856332381
14,9,4.430751571925281e-06,1.1461823664180153
14,10,6.934413339518485e-06,1.0664055273563475
14,11,5.106197424849364e-06,1.1018008169424962
14,12,5.037818934710192e-06,1.0508675990562726
14,13,8.947876058530096e-06,1.0750255693424693
14,14,6.495874338700155e-06,1.6243025637031816
14,15,3.2911691911867045e-05,1.4846525597012956
14,16,6.909489070424144e-06,1.4649144825337999
14,17,4.621207354532875e-06,1.0928197856390567
14,18,6.928093963087363e-06,1.0235305987611816
14,19,8.50012434149735e-06,1.0882520201777188
14,20,7.72303461307008e-06,1.2876774549167629
14,21,7.853764277245907e-06,1.1943005852173683
14,22,7.986206393324507e-06,1.4079396849240071
14,23,1.526236020532349e-05,1.6807634921768377
14,24,7.389161284253858e-06,1.0242102337179062
14,25,2.2729756155480904e-05,1.3970957980740646
14,26,2.9511476839941387e-06,1.0423097411527629
14,27,5.516760887504063e-06,1.1357108303380783
14,28,7.93339557835162e-06,1.1858155205483034
14,29,4.241600834246434e-06,1.070693938407079
14,30,6.328295640734349e-06,1.2347925986901698
14,31,2.668107468959637e-05,1.4510314794914445
15,0,6.6592975462141944e-06,1.0810369871632617
15,1,1.843435898646891e-05,1.389153122163125
15,2,1.4941899818818277e-05,1.2725138011470523
15,3,7.673840531607287e-06,1.1610331251432326
15,4,9.418319857497856e-06,1.170447014084217
15,5,8.958850615853205e-06,1.1143558948321806
15,6,1.2759824626640748e-05,1.1905087527578624
15,7,2.3559178014084572e-05,1.3685288476226287
15,8,9.367124028120031e-06,1.1174144663078271
15,9,6.743370646925226e-06,1.6710889932591073
15,10,2.4416523187879475e-05,1.3260690693625206
15,11,1.8084802994012397e-05,2.139196147798384
15,12,1.4676962873008442e-05,1.1054271538207994
15,13,5.440810380705246e-06,1.194798956882009
15,14,1.1228692466270849e-05,1.1064451575120924
15,15,1.1313119013069585e-05,1.035308968155402
15,16,9.638800281759482e-06,1.4658263536510663
15,17,3.577322890616263e-06,1.1982625862200105
15,18,4.726256097933009e-06,1.1014626196075614
15,19,6.324109208640733e-06,1.0892699656627938
15,20,1.0560506981269588e-05,1.1579911230728128
15,21,2.0337858320849886e-05,1.8936322886313735
15,22,3.7311771666301988e-06,1.0948182128603978
15,23,1.0879561316141998e-05,1.2251963878216179
15,24,7.086601246455954e-06,1.161021348489708
15,25,1.1036419420900575e-05,1.3856262806613342
15,26,2.130768554860971e-05,1.5030377631485066
15,27,5.27494788338894e-06,1.0666750383989216
15,28,6.424467112333644e-06,1.4176132235182972
15,29,3.3031201299239785e-05,1.2499889533780433
15,30,1.0396706001704144e-05,1.123525427843206
15,31,7.444978720923326e-06,1.1027780608721358
16,0,4.972284837716807e-06,1.1559399407012318
16,1,1.1593291624293174e-05,1.0840748298901697
16,2,6.696929176441092e-06,1.3055420723991513
16,3,7.972091992555606e-06,1.3937551885012136
16,4,5.758384503287892e-06,1.1181393810582931
16,5,6.287480453138914e-06,1.084788719944956
16,6,1.2076906044316856e-05,1.2353158752809537
16,7,6.693535534955808e-06,1.4351084619140455
16,8,4.193074883786528e-06,1.1941872418797508
16,9,7.323053550250857e-06,1.0931500616512662
16,10,5.3159784198736545e-06,1.2610479706734248
16,11,5.022750746465062e-06,1.4530223608016968
16,12,5.025696965776077e-06,1.3060457190880475
16,13,4.686193618862171e-06,1.069675131781326
16,14,2.172612112463883e-05,2.0826781953315177
16,15,6.810204819086883e-06,1.3580569397194715
16,16,7.689605106639322e-06,1.3435103383513878
16,17,1.192795293454809e-05,1.0619453219989592
16,18,1.063245834253388e-05,1.1760269533273866
16,19,9.356450547261747e-06,1.0417938024768685
16,20,7.002234109711194e-06,1.3561923984090223
16,21,1.9848952373687654e-05,1.5153309751686241
16,22,2.6369132163038415e-05,1.9479010528355059
16,23,4.561649243154068e-06,1.33894348192025
16,24,7.842822473910996e-06,1.1442587099649464
16,25,2.060367090178264e-06,1.052171163455529
16,26,2.1038789903509312e-05,1.2131367271164974
16,27,4.670437964346618e-06,1.053006006743645
16,28,2.9577954739697145e-06,1.0547142856518956
16,29,5.288164884698882e-06,1.1710033155004764
16,30,1.1428701993850205e-05,1.0425219563796173
16,31,1.3211410563274698e-05,1.395810855970598
17,0,1.8922711968502047e-05,1.1130477305585802
17,1,2.0848788893667325e-05,1.2034702487306397
17,2,4.710090575040354e-06,1.0276204047872197
17,3,1.466951525299996e-05,1.4564241049510285
17,4,4.05792903351404e-06,1.1091811134520755
17,5,1.868393426219177e-05,1.6770393138651618
17,6,1.2672073506708964e-05,1.4268001563362234
17,7,8.7179607037178e-06,1.1695738983344273
17,8,2.333445239144783e-05,1.6835016026967602
17,9,1.8214431962959788e-06,1.0349962522678535
17,10,5.164912105154135e-06,1.0827330042694248
17,11,8.601269938561907e-06,1.0790684830567223
17,12,8.083427320050115e-06,1.1119389751412374
17,13,7.589089122178616e-06,1.1070774584652419
17,14,1.3505782499687251e-05,1.610582430576951
17,15,7.096561438983472e-06,1.4012703558363289
17,16,7.157221235003387e-06,1.048829009808392
17,17,2.399378806854985e-06,1.2870154564440806
17,18,5.731232422996117e-06,1.0997985855780539
17,19,6.3025339541920464e-06,1.514844775516515
17,20,1.637429048099313e-05,1.250681090956507
17,21,1.5243543416599787e-05,1.3305362826588407
17,22,7.5232013348142555e-06,1.0260438726717733
17,23,4.26188318284329e-06,1.1072863949880816
17,24,8.162928296886032e-06,1.4236578992532913
17,25,4.68647260293976e-06,1.0275916780661354
17,26,6.845877672305792e-06,1.0170603985277726
17,27,3.6578127410820558e-06,1.0931769599424837
17,28,1.301508729119785e-05,1.55910846621339
17,29,1.2548559263692813e-05,1.3085410481482915
17,30,3.070640883095946e-06,1.0884375058216773
17,31,1.042822901237702e-05,1.0397851613835456
18,0,4.005527596942579e-06,1.1277169793936572
18,1,5.982553062030233e-06,1.142538033369739
18,2,5.490311114169552e-06,1.5718962935126424
18,3,1.8759114442528973e-06,1.1100865388243744
18,4,8.514275327083173e-06,1.2711897722753396
18,5,9.188969652990355e-06,1.6025961679185898
18,6,2.8558369679036196e-06,1.2483826651938355
18,7,4.6061186805134365e-06,1.2223593893701283
18,8,2.864232947055715e-06,1.1067813390543526
18,9,2.0877839747970074e-05,1.30205688085003
18,10,1.3731536525103873e-05,1.1046842204727605
18,11,3.098691582954557e-06,1.0586109416787737
18,12,5.799570621292042e-06,1.1117989639098163
18,13,9.259078438984184e-06,1.4603557977174013
18,14,1.3429821707525984e-05,1.2668174329506923
18,15,7.437128363354657e-06,1.1394527461899229
18,16,3.1401955116580124e-06,1.0488338570723548
18,17,4.494385621303086e-06,1.084350983776736
18,18,5.8675722784663035e-06,1.0433473213418705
18,19,5.535877480547445e-06,1.149538460902906
18,20,4.599723971429308e-06,1.1362961469471269
18,21,5.287180546514559e-06,1.2410226172712748
18,22,1.6646939534634563e-05,1.363460049316808
18,23,6.5008792198017124e-06,1.1913735306648197
18,24,1.0019733916111212e-05,1.1389376015829902
18,25,6.177644425546578e-06,1.142406179452164
18,26,7.516426636005329e-06,1.5251057631360476
18,27,4.810281656106921e-06,1.2410331005646942
18,28,1.1031428785127164e-05,1.359343219457764
18,29,1.8037841353956785e-06,1.0941932524870643
18,30,5.2453489824855155e-06,1.1054968157929095
18,31,5.666162467540095e-06,1.1023895581141148
19,0,2.2597220480620414e-06,1.2581740227247984
19,1,2.083694375988297e-05,1.332191405543293
19,2,6.572769435765387e-06,1.4055848967031654
19,3,4.227979619007525e-06,1.041768014562927
19,4,1.3820965346510719e-05,1.1116251267390527
19,5,6.072678634988128e-06,1.3016322567274001
19,6,4.4719794963390265e-06,1.0320701620229422
19,7,6.428012619806914e-06,1.0470790844567321
19,8,6.868121183824443e-06,1.0298505299594773
19,9,3.96059856969643e-06,1.023287871074972
19,10,5.455511462576351e-06,1.0310672915261527
19,11,1.4004324575624827e-05,1.0555493812637025
19,12,1.0587552385462296e-05,1.1638750825217468
19,13,1.6897051364320943e-05,1.554834673393084
19,14,5.335621442159275e-06,1.0441403985287352
19,15,8.913936052099189e-06,1.0996274340200234
19,16,4.823371668514562e-06,1.609217789965744
19,17,4.023190752531758e-06,1.0603677845993311
19,18,8.153219581656602e-06,1.227267732447151
19,19,8.408241943843601e-06,1.049823946053605
19,20,5.104714258211607e-06,1.1463658657154185
19,21,5.224046331056913e-06,1.0360060318638236
19,22,1.3260403090807386e-05,1.1442804450005122
19,23,1.664304733212916e-05,1.195886479905877
19,24,9.748769326172827e-06,1.2768865140891275
19,25,2.611256850918833e-06,1.090775960681184
19,26,4.398764674717789e-06,1.0656063612080506
19,27,8.773394177511314e-06,1.5939116819921242
19,28,1.5280347250234307e-05,1.1058302327245144
19,29,2.0836966040288808e-05,1.442833673695433
19,30,7.289866798987502e-06,1.1624123252773242
19,31,7.48352395890993e-06,1.160163156064858
20,0,9.838848052705307e-06,1.0138006711913823
20,1,6.990399040508338e-06,1.0298788259123322
20,2,8.122651930045863e-06,1.3532443067678153
20,3,6.2705773644662275e-06,1.0499037458285552
20,4,8.13224722697806e-06,1.3378247600997006
20,5,5.852642734213531e-06,1.0692807051290079
20,6,3.0766753541518134e-05,1.3698523876782063
20,7,6.184253690731693e-06,1.1768640717240022
20,8,7.177898095094888e-06,1.0559236529972131
20,9,2.2563467644495123e-05,1.2149547587564002
20,10,8.244599254000245e-06,1.0562821612415085
20,11,6.617987301307201e-06,1.1482207926040522
20,12,5.302924018370726e-06,1.0716034813283977
20,13,9.105222487259475e-06,1.3602744147755395
20,14,4.10598666944017e-06,1.043801319498887
20,15,6.325320636258242e-06,1.3616454907886324
20,16,2.097459059416597e-05,1.2244257107410035
20,17,9.14313635575533e-06,1.1351956794514177
20,18,1.0291697201688796e-05,1.1895101493626055
20,19,1.1079559580722557e-05,1.1703165836068263
20,20,7.957832688425545e-06,1.4308244951956564
20,21,8.536078468936934e-06,1.211084472547331
20,22,9.936112745189625e-06,1.0958726140924027
20,23,1.596757952365472e-05,1.1735377439411936
20,24,1.1949814608867923e-05,1.2107109748562546
20,25,8.115591724584629e-06,1.1113076644325848
20,26,9.971382873832502e-06,1.2254721424441362
20,27,5.438853524949457e-06,1.0279490229512485
20,28,7.61956909189731e-06,1.072914312824099
20,29,6.499707718256784e-06,1.02756981772625
20,30,7.123347637387478e-06,1.0319220319739904
20,31,8.573277242996121e-06,1.2017150166394595
21,0,8.880585404274172e-06,1.1622952143140153
21,1,5.166802383502229e-06,1.0247363231254922
21,2,5.543556267013504e-06,1.1575838920024182
21,3,6.282199874863151e-06,1.069364637281579
21,4,7.285913976989395e-06,1.0301710584882404
21,5,5.798805131377509e-06,1.01973457851469
21,6,6.679833011786367e-06,1.0712074940053695
21,7,1.0690334421567987e-05,1.1495057031505664
21,8,5.071873692578805e-06,1.1500215923010433
21,9,3.2239719104318135e-06,1.0296981524661242
21,10,6.945477531791985e-06,1.1881611189413726
21,11,7.401000942348667e-06,1.0875820490890713
21,12,9.461611513007801e-06,1.17514306916342
21,13,4.025913399353934e-06,1.1621721728072856
21,14,3.526168703735669e-06,1.1866359001981204
21,15,4.873311094876135e-06,1.059771547490593
21,16,6.489902626784673e-06,1.0468340653030679
21,17,1.1504286696464871e-05,1.4328737598227526
21,18,4.853101874192723e-06,1.0631982445347463
21,19,1.4705585162255435e-05,1.1616872606049495
21,20,1.1094213642190647e-05,1.2113542420613972
21,21,6.6509390106952616e-06,1.110121762240656
21,22,2.808826926444323e-06,1.2929115928660035
21,23,6.1844349086581976e-06,1.1182143792688135
21,24,5.0809966672519855e-06,1.13902953284248
21,25,3.996392106048099e-06,1.2340250460644537
21,26,5.789532582117585e-06,1.0453154954724524
21,27,6.4739394523718326e-06,1.034396900704288
21,28,6.261442479347961e-06,1.057641999602265
21,29,4.1173177455661524e-06,1.0209801001799956
21,30,3.956934543468367e-06,1.022893240753662
21,31,6.294877895632211e-06,1.054673405229755
22,0,5.7096621190329784e-06,1.2147922307424388
22,1,7.133034763692762e-06,1.1743667279792709
22,2,1.6274026154702797e-05,1.4089884831874757
22,3,1.8567857473698606e-05,1.1718132340206198
22,4,5.019733798641827e-06,1.2754757932035625
22,5,1.2684023473949685e-05,1.2247464315402607
22,6,1.8136916783609495e-06,1.2198797838515865
22,7,4.302088024407178e-06,1.2106874760086952
22,8,9.400683350727483e-06,1.1229345843347631
22,9,5.4541422014435625e-06,1.0255912824667044
22,10,2.3167461445474987e-06,1.2821330211499244
22,11,9.100595894153307e-06,1.4834571895265853
22,12,1.2535114132858549e-05,1.2635546174393444
22,13,8.228860174009044e-06,1.145398553624096
22,14,5.076145425632952e-06,1.0985399533183557
22,15,1.7023935492852978e-06,1.04953704992719
22,16,9.45856569064018e-06,1.0631972713352251
22,17,7.51577342555693e-06,1.1863581601261513
22,18,7.98971289881449e-06,1.1758364399432504
22,19,4.275057836636563e-06,1.021281870528099
22,20,5.745630865824873e-06,1.1317605661997598
22,21,5.951928877815112e-06,1.2465491071640258
22,22,3.5527299507890284e-06,1.0105269933865628
22,23,4.313059682741089e-06,1.051925375853138
22,24,4.393290221078965e-06,1.0213374637195947
22,25,4.8148777081676205e-06,1.3658314631965742
22,26,5.933601060659481e-06,1.6192080829459095
22,27,6.47192670305348e-06,1.0206192318661755
22,28,4.457388732370587e-06,1.0738576636371384
22,29,8.818309565406833e-06,1.1353385646874106
22,30,1.0853143937768728e-05,1.054110803135521
22,31,8.603299618311346e-06,1.0739208968564862
23,0,3.3127217276635565e-06,1.0358106532208737
23,1,4.797571278624517e-06,1.5397428513206493
23,2,4.143628104615814e-06,1.0870536758921852
23,3,6.503916692754328e-06,1.3656188950912254
23,4,7.07890959551144e-06,1.2414909201736417
23,5,3.854540977300216e-06,1.2643320705047378
23,6,1.3897468707419084e-05,1.1740317001655176
23,7,3.345009319108548e-06,1.0134081309376801
23,8,5.852970919780394e-06,1.0271270597017987
23,9,4.182989221452413e-06,1.0745019880001816
23,10,7.937285327355161e-06,1.293453415076571
23,11,2.4408047475955916e-06,1.0796881945801289
23,12,1.3085884643592368e-05,1.2088176079585837
23,13,7.077127362134477e-06,1.1316931435575313
23,14,9.371134684560109e-06,1.1052559570909444
23,15,3.862417212137046e-06,1.0821970288022107
23,16,4.491823912618156e-06,1.1884121694835006
23,17,6.88554141213069e-06,1.1266831082018565
23,18,8.621797915900644e-06,1.3089266772711368
23,19,7.201098262178693e-06,1.1536658588580824
23,20,5.821236677050636e-06,1.0235740226842283
23,21,7.366823929912363e-06,1.121086648735867
23,22,7.107089737270955e-06,1.1601065721275428
23,23,7.0258672457940015e-06,1.1838668557910488
23,24,3.7801537560130653e-06,1.1763749016550273
23,25,5.223321339272634e-06,1.1019135789567256
23,26,2.0872572088827e-06,1.0699310872659265
23,27,5.012425214465329e-06,1.1316848272979656
23,28,1.3668968430139095e-05,1.5480651599530257
23,29,2.5805659894086167e-05,1.2066555960403178
23,30,2.9683087619208073e-06,1.032022098357195
23,31,5.579478748546695e-06,1.0166242321332295
24,0,8.430390091984243e-06,1.1728905787136557
24,1,6.211931036623802e-06,1.2567906422971782
24,2,3.318759758008218e-06,1.0570379786387962
24,3,3.1654821975317395e-06,1.0183255097516715
24,4,4.106205656358582e-06,1.053942092333604
24,5,6.4900172485821425e-06,1.080276888680173
24,6,5.0855212638891385e-06,1.2613176884720843
24,7,7.562990603528684e-06,1.3570801866112583
24,8,5.231358247178726e-06,1.0647587384096866
24,9,4.8955473006440746e-06,1.1271572440216213
24,10,5.7391474186028584e-06,1.3016173701837244
24,11,3.3952876435680386e-06,1.0274521409805606
24,12,6.117789791668531e-06,1.1082579098005325
24,13,2.0666215902995038e-05,1.765972837245058
24,14,7.835663744889687e-06,1.1038614228638255
24,15,7.0078706932615e-06,1.028274448533246
24,16,4.582141309140806e-06,1.017843913562322
24,17,5.6919908374770265e-06,1.0201231448879386
24,18,1.2344368883180015e-05,1.5292203413696086
24,19,9.662390223084402e-06,1.1370120818976968
24,20,3.694083436592106e-06,1.0606105154517902
24,21,3.833340718105699e-06,1.0762988083549387
24,22,4.720067451601988e-06,1.1763013030850502
24,23,6.721492860477972e-06,1.4357199275213937
24,24,5.957065524024963e-06,1.0594748351467347
24,25,9.854946358242577e-06,1.1181010148228665
24,26,3.1807150364511554e-06,1.193086616335426
24,27,7.070955213328754e-06,1.2963460029464424
24,28,3.4018920381352514e-06,1.1422001492296399
24,29,6.733307966040623e-06,1.0812647262470234
24,30,6.891256379408914e-06,1.104252576511378
24,31,1.1566004643773476e-05,1.2254305474258935
25,0,5.511576357646253e-06,1.07086617949791
25,1,4.595986479045554e-06,1.058739169765859
25,2,5.158099634887318e-06,1.103388363727166
25,3,1.1625291680638899e-05,1.0713647997658988
25,4,3.744888732256453e-06,1.0704279407667554
25,5,7.119593349044186e-06,1.2069120238765567
25,6,8.450147657659148e-06,1.050332772673733
25,7,6.998261689994528e-06,1.0677402917923997
25,8,5.22265389320904e-06,1.05684657738556
25,9,7.597867746717634e-06,1.2003472483015631
25,10,5.3373492084188835e-06,1.0819507294283761
25,11,3.6664365006457707e-06,1.0749692846157215
25,12,7.866869562642265e-06,1.1116872335651797
25,13,4.9115930281074345e-06,1.0546691931681909
25,14,3.5771223605219377e-06,1.045960213400295
25,15,3.1405184624719076e-06,1.1401694635734878
25,16,5.385801190719466e-06,1.0574708337961123
25,17,4.075484282881364e-06,1.0291584816428612
25,18,6.554637055896098e-06,1.1664526852531314
25,19,2.753938697693767e-06,1.1683775386540116
25,20,1.794236372898085e-06,1.0530820470196107
25,21,3.4461171581523047e-06,1.0335213025622054
25,22,3.3475421971335197e-06,1.0669171896430443
25,23,6.428708963011349e-06,1.3103169034993347
25,24,4.743187131323604e-06,1.2298601771836368
25,25,5.738950891050179e-06,1.1438620560144945
25,26,3.0510556141264976e-06,1.0423186294480518
25,27,6.890599631936023e-06,1.15298806454767
25,28,7.981669400141709e-06,1.355201629053549
25,29,7.55472744336539e-06,1.231472188574701
25,30,6.507255870745742e-06,1.1752134630668474
25,31,7.281418661632806e-06,1.063779653094943
26,0,5.4798613552185315e-06,1.1101416751524684
26,1,6.2453791911181255e-06,1.0707934285328946
26,2,8.82771912985234e-06,1.3214875682363894
26,3,3.14439856429927e-06,1.0230430296534403
26,4,9.419806712843208e-06,1.7853880746536626
26,5,5.08276992435106e-06,1.1512312899125579
26,6,2.1987777737549547e-06,1.3329279395319182
26,7,5.645081719532614e-06,1.207018167901852
26,8,4.822378463058854e-06,1.1271050543635226
26,9,8.809452373046737e-06,1.3429411289279258
26,10,4.271990778030656e-06,1.365102619025073
26,11,6.782703856184637e-06,1.1184666891338657
26,12,7.966509178677306e-07,1.040231482071811
26,13,4.495044224201535e-06,1.2904585580374088
26,14,1.2179779276289697e-05,1.515002101013332
26,15,9.476296465489607e-06,1.2192838272725444
26,16,2.7681612756909966e-06,1.079538952412464
26,17,2.735338753905659e-06,1.1052544064203054
26,18,4.405427337488308e-06,1.3038560459180024
26,19,2.3041977903756664e-05,1.4749237698440585
26,20,2.678638951766927e-06,1.1802494035668476
26,21,5.771067255221013e-06,1.100646323575125
26,22,3.5250808823463592e-06,1.3241133966399485
26,23,4.488895920643854e-06,1.1164143981528314
26,24,1.0173572345971582e-05,1.121151249300014
26,25,9.234011817361376e-06,1.0542952304606208
26,26,4.363577612855065e-06,1.0299986255226963
26,27,7.454938343255238e-06,1.0505771580498109
26,28,1.028040877850906e-05,1.2151983714093144
26,29,7.747234561429408e-06,1.2326222792722947
26,30,4.363430573650879e-06,1.5251819353390712
26,31,4.811601533418689e-06,1.1083549640515358
27,0,4.039315152041715e-06,1.1227762600445759
27,1,1.8517511667369338e-06,1.0561154421687706
27,2,7.0846523368011754e-06,1.5917325040944754
27,3,2.5901158282033004e-06,1.1283703439264183
27,4,2.5973715163450913e-06,1.1193625795572086
27,5,1.5980137322429793e-06,1.051479626514575
27,6,4.533899231795772e-06,1.4213002308009208
27,7,5.968393798492576e-06,1.384205385297207
27,8,6.807896378909392e-06,1.3109354197108254
27,9,5.965091085038518e-06,1.194862160444154
27,10,3.4676852493740176e-06,1.0550185886828864
27,11,8.033746744174421e-06,1.0903093246508089
27,12,7.53058028696623e-06,1.6123977356011914
27,13,2.879285306157527e-06,1.09462807953173
27,14,4.572489622228616e-06,1.0845429632398818
27,15,3.2536324885332383e-06,1.2315779424653004
27,16,1.013612959844886e-05,1.3387553030117891
27,17,6.637346113644834e-06,1.530170018718326
27,18,5.986360071877043e-06,1.233059750557368
27,19,4.968727674901851e-06,1.0842945567798488
27,20,6.082252029464087e-06,1.3261182363606385
27,21,4.651323359489252e-06,1.1431354523866035
27,22,1.2208733143792566e-05,1.300367357035346
27,23,5.582305094422837e-06,1.2284760192834787
27,24,1.3514042812747636e-06,1.1497500368112377
27,25,1.0113066084856393e-05,1.2002467239467693
27,26,5.610918014344487e-06,1.2147525722550945
27,27,6.177105677059705e-06,1.1651179916619094
27,28,4.334513770573416e-06,1.1619026402869863
27,29,6.27908428299897e-06,1.2355549144977065
27,30,6.540790750431454e-06,1.2216303890497613
27,31,1.8017313421659977e-06,1.0481166220070146
28,0,2.849619044066499e-06,1.0965678391070321
28,1,1.4152072094052703e-06,1.058508635675448
28,2,7.784738607344984e-06,1.379531665046746
28,3,1.3315520234774566e-05,1.4285785714415862
28,4,1.7056572249993194e-06,1.0562834055247483
28,5,1.5301925753942397e-06,1.0704066906950547
28,6,6.688821926779462e-06,1.072655601752654
28,7,6.919906581467019e-06,1.3044020993987138
28,8,2.040455833147127e-06,1.080338659197844
28,9,2.595039719687406e-06,1.1304311044662596
28,10,3.16852808398975e-06,1.3134607257121114
28,11,1.4459581493967349e-05,1.2699773533252448
28,12,4.4687498213687925e-06,1.074231288980836
28,13,7.291104743166619e-06,1.6074063715654012
28,14,3.945835856927408e-06,1.0821819627321942
28,15,1.8288394552182048e-06,1.1509831495230152
28,16,2.2534436315793518e-06,1.0975420009039736
28,17,5.048437590631991e-06,1.1954147735492695
28,18,5.35434802734742e-06,1.48760107556715
28,19,4.234716578567316e-06,1.152047381880221
28,20,2.083091628283733e-06,1.0917607839786145
28,21,3.103363266253482e-06,1.0837722070030325
28,22,3.244974247937849e-06,1.1659285736168419
28,23,5.282146401645949e-06,1.4830993254029576
28,24,2.649810807010029e-06,1.0736123887032942
28,25,9.726361052381589e-06,1.4390299494364664
28,26,1.6814277671302075e-06,1.2176210149931348
28,27,1.7182092979888998e-06,1.0312654939886214
28,28,5.232415891431165e-06,1.270182181745042
28,29,3.988288625062364e-06,1.2221708136778482
28,30,8.430628545471193e-06,1.1857940163323182
28,31,1.5276443200040563e-06,1.0897143211128333
29,0,2.32069310505557e-06,1.1780894445919157
29,1,4.25876512922375e-06,1.096171586584232
29,2,1.3102184010567758e-05,1.2200215089210318
29,3,5.094811998966677e-06,1.2397646829584839
29,4,4.766030622385553e-06,1.1696651633622743
29,5,8.288594291233328e-06,1.3317041816095063
29,6,1.430876753891481e-06,1.0462903622348205
29,7,8.516970571351363e-06,1.1173928293204507
29,8,2.9765766845510463e-06,1.1206877653236778
29,9,7.379151316216671e-06,1.1412282529369082
29,10,1.1383973355231492e-05,1.594296185566082
29,11,4.337212765953664e-06,1.1281993378575474
29,12,4.739714505115175e-06,1.2488178902888203
29,13,4.302299891832065e-06,1.0494043939458737
29,14,1.5770634216385441e-06,1.2370482449407016
29,15,2.794009005645879e-05,1.573610157711203
29,16,3.703314353520686e-06,1.076391459250144
29,17,6.114099602017655e-06,1.089898090121914
29,18,2.5373198705248946e-06,1.2124471934087617
29,19,3.885232984093347e-06,1.064960612032782
29,20,1.0359833934829995e-05,1.2203998840609818
29,21,5.057673909723573e-06,1.0656793211191404
29,22,4.731613006125336e-06,1.154387068410741
29,23,4.881405651268968e-06,1.2148678129676593
29,24,1.0826941784130055e-05,1.4045373715358056
29,25,2.7722306415943164e-06,1.1322933832276654
29,26,9.392560796270992e-06,1.1086853575315978
29,27,8.607511288757121e-07,1.0398517635450157
29,28,7.195526668245143e-06,1.1599102285700913
29,29,4.004482414055904e-06,1.4368807949709543
29,30,7.047877281386736e-06,1.5118155329562015
29,31,2.8666002311679966e-06,1.1892693119800528
30,0,2.269662704268938e-06,1.0966417248558291
30,1,6.644329138375126e-06,1.2210745584020155
30,2,7.20724193270836e-06,1.6429488393467788
30,3,3.1027691607314364e-06,1.1029536787943273
30,4,3.5768882848086224e-06,1.1930390744675783
30,5,2.1547739044284846e-06,1.1211884784297428
30,6,1.518028662509082e-06,1.1096767635670528
30,7,5.1438485030241126e-06,1.2867199265888276
30,8,2.226765874741928e-06,1.1660085461106962
30,9,1.637970088138408e-05,1.6422751429018694
30,10,3.648707325011325e-06,1.2541240375091567
30,11,3.6778589427413854e-06,1.1555636293754055
30,12,7.908989548920455e-06,1.2638298652508766
30,13,3.1061705018830146e-07,1.0220682501740137
30,14,4.524912097594511e-06,1.0700418446221251
30,15,7.883838012238255e-06,1.2395677298452539
30,16,2.8027624394765313e-06,1.1395390627921393
30,17,1.0853250176810099e-06,1.142802506276283
30,18,1.181380378066994e-06,1.0366263147897032
30,19,2.473224474021126e-06,1.1861603283787154
30,20,1.626982065200702e-06,1.0534584341243391
30,21,2.321654449913404e-06,1.1881902190424163
30,22,2.1139505629855733e-06,1.255264888457779
30,23,2.9633440321014798e-06,1.1118083818658573
30,24,5.509516831553916e-06,1.5752743580215745
30,25,8.763928612409135e-06,1.350790896738668
30,26,6.945037278883831e-06,1.448034713045587
30,27,6.708928936604339e-06,1.2589012684680656
30,28,1.833233381593083e-06,1.1154693752434888
30,29,2.188208609503177e-06,1.0810475404835633
30,30,2.653136935272323e-06,1.1302806820263638
30,31,3.711970501503238e-06,1.3444681773411589
31,0,1.922567146702199e-05,1.3724941720261727
31,1,1.3441240962263396e-05,1.3650336675065553
31,2,8.8444381561629e-06,1.2471188622905702
31,3,6.856647587986429e-06,1.2747495381269587
31,4,2.5322536931341178e-05,2.248546785409074
31,5,1.3065947751349409e-05,1.688685225881059
31,6,3.703677611180062e-05,1.2446497558439238
31,7,1.7334257697127228e-05,1.5174950261514975
31,8,1.5769717760767933e-05,1.1984095794007334
31,9,1.0197631883386419e-05,1.183600768255628
31,10,2.368777952255945e-05,1.1475770424931067
31,11,2.6378115219661696e-05,1.2349682875363475
31,12,1.3989962518120023e-05,1.1867477345540494
31,13,1.2169791296464557e-05,1.586764005603596
31,14,1.4613754849479046e-05,1.2635217717180425
31,15,2.919720472755478e-05,1.1812354980078668
31,16,5.066145810495945e-06,1.0797006232699444
31,17,2.417257965110766e-05,1.6517606763620194
31,18,1.350891618079311e-05,1.2310596708704697
31,19,1.0461284324746373e-05,1.3652383082733053
31,20,1.0319419624235918e-05,1.2437395141841354
31,21,1.3098358480586528e-05,1.2956802258189668
31,22,6.390989284899007e-06,1.0925575327482726
31,23,1.0344121281115237e-05,1.2511203893785616
31,24,1.8242449816481662e-05,1.3183542316389485
31,25,5.089495509238263e-06,1.0953065593351352
31,26,1.3001868055053288e-05,1.3400815370706607
31,27,1.99600159017705e-05,2.519891009387742
31,28,1.3002360552272134e-05,1.3559364639799802
31,29,1.797716024943019e-05,1.221227426980649
31,30,1.4779152645882512e-05,1.1944178511158139
31,31,1.0375230830423809e-05,1.6467964146822203
